rotr;rotl;shift;rounds
01;01;18;55
01;01;22;55
01;01;26;119
01;01;30;31
01;02;10;1019
01;02;12;1019
01;02;13;126913
01;02;14;503
01;02;15;125
01;02;16;47
01;02;18;867
01;02;19;32765
01;02;22;371
01;02;24;507
01;02;25;131069
01;02;28;867
01;02;30;31
01;02;31;8189
01;03;20;10229
01;03;28;31
01;04;08;47
01;04;09;110669
01;04;11;1487
01;04;12;47
01;04;13;131069
01;04;14;371
01;04;15;28643
01;04;16;7
01;04;17;43689
01;04;18;47
01;04;19;26669
01;04;20;31
01;04;21;43689
01;04;23;126913
01;04;24;47
01;04;25;26669
01;04;26;119
01;04;27;9361
01;04;28;31
01;04;30;119
01;04;31;2183
01;05;08;131069
01;05;10;131069
01;05;12;32765
01;05;15;3905
01;05;18;10667
01;05;22;10709
01;05;25;8183
01;05;27;21419
01;05;30;1019
01;06;08;867
01;06;10;167
01;06;12;507
01;06;14;59
01;06;15;32765
01;06;16;55
01;06;17;32765
01;06;19;9197
01;06;22;867
01;06;23;14223
01;06;25;129793
01;06;26;31
01;06;28;507
01;06;29;114673
01;06;30;867
01;07;24;31
01;08;08;47
01;08;09;629
01;08;11;8189
01;08;13;32765
01;08;15;32765
01;08;17;47
01;08;18;47
01;08;19;31
01;08;20;31
01;08;21;131069
01;08;24;31
01;08;25;65531
01;08;27;126913
01;08;28;7
01;08;29;1019
01;09;09;16381
01;09;10;110669
01;09;14;8189
01;09;18;31247
01;09;20;18541
01;09;21;126913
01;09;22;419
01;09;23;65533
01;09;24;32765
01;09;30;26213
01;10;08;251
01;10;09;131069
01;10;12;867
01;10;16;119
01;10;22;31
01;10;23;13019
01;10;27;629
01;11;09;167
01;11;12;15809
01;11;13;239
01;11;19;55
01;11;21;419
01;11;22;6551
01;11;24;167
01;11;25;507
01;11;28;126913
01;12;08;15
01;12;09;10229
01;12;10;867
01;12;14;867
01;12;16;31
01;12;17;55
01;12;19;65533
01;12;20;31
01;12;21;167
01;12;22;1019
01;12;23;61409
01;12;24;31
01;12;26;867
01;12;27;9361
01;12;28;31
01;13;08;26213
01;13;14;3065
01;13;15;32765
01;13;18;65531
01;13;19;9197
01;13;26;32763
01;13;27;3569
01;13;28;43689
01;13;29;95045
01;13;30;15329
01;14;09;131069
01;14;13;8183
01;14;16;15
01;14;18;31
01;14;21;6551
01;14;25;5333
01;14;26;867
01;14;27;65531
01;14;29;8189
01;14;30;167
01;14;31;21843
01;15;16;31
01;16;09;119
01;16;13;129793
01;16;14;47
01;16;15;61409
01;16;16;31
01;16;21;5109
01;16;25;39
01;16;26;47
01;16;27;114673
01;16;29;35
01;16;30;39
01;16;31;33
01;17;10;14321
01;17;15;126913
01;17;16;251
01;17;18;114673
01;17;19;65533
01;17;26;131069
01;17;27;8189
01;17;28;167
01;17;29;5109
01;17;30;65533
01;18;09;839
01;18;11;83
01;18;12;507
01;18;13;4339
01;18;14;31
01;18;15;32759
01;18;17;126913
01;18;19;65533
01;18;20;15
01;18;21;49145
01;18;22;55
01;18;23;9197
01;18;24;31
01;18;26;867
01;18;27;114673
01;18;28;867
01;18;29;49145
01;18;31;8189
01;19;08;509
01;19;09;119
01;19;11;681
01;19;12;65533
01;19;13;867
01;19;14;24563
01;19;15;131069
01;19;19;6819
01;19;21;1019
01;19;22;114673
01;19;24;8189
01;19;25;119
01;19;28;114673
01;20;09;21589
01;20;10;67
01;20;12;31
01;20;15;28643
01;20;16;15
01;20;22;31
01;20;23;3905
01;20;26;239
01;20;27;129793
01;20;31;2183
01;21;10;131069
01;21;11;32765
01;21;12;197
01;21;13;39369
01;21;14;1301
01;21;20;3569
01;21;21;19529
01;21;23;629
01;21;24;64769
01;21;26;3555
01;22;10;31
01;22;12;167
01;22;14;1019
01;22;15;5109
01;22;17;419
01;22;18;867
01;22;19;131069
01;22;20;507
01;22;24;867
01;22;25;43689
01;22;27;9547
01;22;28;507
01;22;29;16379
01;23;09;119
01;23;12;43689
01;23;24;129793
01;24;08;31
01;24;09;85973
01;24;10;31
01;24;11;63363
01;24;12;55
01;24;17;47
01;24;19;31
01;24;22;47
01;24;25;110669
01;24;26;31
01;24;28;15
01;24;29;1019
01;24;30;119
01;24;31;3737
02;01;08;251
02;01;10;251
02;01;11;49145
02;01;12;59
02;01;14;419
02;01;15;19529
02;01;16;47
02;01;19;126913
02;01;21;65533
02;01;22;119
02;01;23;43689
02;01;27;123
02;01;28;419
02;01;29;2045
02;01;31;31
02;02;08;125
02;02;20;23
02;02;28;15
02;03;09;118109
02;03;12;43689
02;03;14;8737
02;03;15;4317
02;03;16;47
02;03;17;8189
02;03;19;47243
02;03;20;9197
02;03;21;28643
02;03;23;16001
02;03;24;6137
02;03;26;8737
02;03;29;7811
02;03;30;129793
02;03;31;185
02;04;08;59
02;04;09;49127
02;04;11;129793
02;04;12;27
02;04;14;59
02;04;16;23
02;04;18;169
02;04;22;209
02;04;26;509
02;04;28;15
02;04;30;253
02;05;09;2603
02;05;11;7619
02;05;12;131069
02;05;13;131069
02;05;16;507
02;05;17;9547
02;05;20;65533
02;05;23;65533
02;05;25;43689
02;05;27;9197
02;05;28;114673
02;05;30;21589
02;05;31;1019
02;06;09;32765
02;06;24;433
02;07;08;32765
02;07;10;110669
02;07;13;12953
02;07;15;26213
02;07;16;251
02;07;19;65533
02;07;20;16001
02;07;21;49145
02;07;25;31
02;07;26;2519
02;07;27;65533
02;07;28;5109
02;07;29;203
02;07;30;43689
02;07;31;8189
02;08;08;23
02;08;10;59
02;08;11;126913
02;08;14;253
02;08;18;23
02;08;19;39
02;08;20;23
02;08;21;119
02;08;22;15
02;08;24;15
02;08;30;433
02;09;08;65533
02;09;09;9197
02;09;10;43689
02;09;12;131069
02;09;13;95045
02;09;14;126913
02;09;16;111
02;09;21;509
02;09;22;251
02;09;23;31
02;09;24;7811
02;09;31;47
02;10;08;83
02;10;09;545
02;10;10;119
02;10;12;101
02;10;14;41
02;10;19;10229
02;10;20;251
02;10;22;209
02;10;24;253
02;10;26;185
02;10;28;101
02;11;09;43689
02;11;10;65533
02;11;11;42965
02;11;12;20459
02;11;15;95045
02;11;17;509
02;11;19;12263
02;11;21;31
02;11;22;3065
02;11;24;65533
02;11;25;131069
02;11;27;509
02;11;28;14321
02;11;31;126913
02;12;09;509
02;12;10;433
02;12;13;32765
02;12;15;2729
02;12;16;7
02;12;18;33
02;12;20;15
02;12;21;15809
02;12;23;9361
02;12;26;253
02;12;28;59
02;12;30;169
02;13;14;2045
02;13;15;1859
02;13;17;65533
02;13;19;509
02;13;24;26213
02;13;25;126913
02;13;26;10229
02;13;30;65533
02;13;31;867
02;14;16;15
02;15;08;9361
02;15;09;43689
02;15;10;2519
02;15;15;681
02;15;16;31
02;15;17;31
02;15;19;47243
02;15;20;42965
02;15;23;129793
02;15;24;509
02;15;27;7709
02;15;29;129793
02;15;30;7139
02;15;31;65533
02;16;10;59
02;16;11;503
02;16;16;15
02;16;18;29
02;16;20;3
02;16;21;867
02;16;23;39
02;16;26;19
02;16;28;23
02;16;30;17
02;17;10;65533
02;17;12;126913
02;17;15;31
02;17;16;119
02;17;17;8189
02;17;19;110669
02;17;20;126913
02;17;22;9361
02;17;23;7811
02;17;24;65533
02;17;25;126913
02;17;27;419
02;17;28;26213
02;17;31;47
02;18;08;59
02;18;10;209
02;18;12;125
02;18;14;433
02;18;16;15
02;18;19;16001
02;18;20;169
02;18;22;253
02;18;24;19
02;18;26;253
02;18;28;509
02;19;08;181
02;19;09;251
02;19;10;65533
02;19;11;4091
02;19;13;31
02;19;16;507
02;19;21;131069
02;19;22;8189
02;19;23;9197
02;19;24;131069
02;19;29;419
02;19;31;209
02;20;10;59
02;20;11;15329
02;20;12;15
02;20;13;119
02;20;14;169
02;20;18;83
02;20;19;43689
02;20;20;19
02;20;21;9361
02;20;22;247
02;20;24;7
02;20;30;253
02;21;08;43689
02;21;09;110669
02;21;11;31
02;21;13;42965
02;21;14;3905
02;21;15;14321
02;21;16;55
02;21;19;49145
02;21;21;8189
02;21;23;131069
02;21;25;32765
02;21;27;49145
02;21;28;9361
02;21;29;8189
02;21;31;507
02;22;08;15
02;22;10;59
02;22;11;101
02;22;12;253
02;22;13;119
02;22;24;27
02;23;08;32765
02;23;09;31
02;23;12;63363
02;23;17;509
02;23;19;2479
02;23;20;126913
02;23;22;10921
02;23;23;5207
02;23;25;32765
02;23;27;131069
02;23;28;335
02;23;30;49145
02;23;31;419
02;24;08;15
02;24;12;15
02;24;13;2519
02;24;15;239
02;24;18;23
02;24;22;15
02;24;25;239
02;24;26;247
02;24;28;15
02;24;30;433
03;01;20;31
03;01;28;20459
03;02;09;110669
03;02;10;43689
03;02;12;114673
03;02;13;131069
03;02;14;64769
03;02;15;9361
03;02;16;47
03;02;17;65531
03;02;20;49145
03;02;21;15809
03;02;23;7619
03;02;26;10229
03;02;27;129793
03;02;28;10709
03;02;30;61409
03;03;09;85
03;03;10;359
03;03;15;65527
03;03;16;371
03;03;17;131069
03;03;18;49145
03;03;23;43689
03;03;26;167
03;03;27;909
03;03;28;26213
03;03;29;43689
03;03;30;131069
03;04;09;65533
03;04;10;64769
03;04;12;114673
03;04;13;4091
03;04;14;2043
03;04;19;95045
03;04;20;65533
03;04;21;126913
03;04;22;32759
03;04;24;119
03;04;25;3905
03;04;27;43689
03;04;31;239
03;05;24;32765
03;06;09;85973
03;06;10;251
03;06;11;5333
03;06;15;63239
03;06;16;55
03;06;17;42965
03;06;18;3569
03;06;19;15809
03;06;20;2043
03;06;21;1427
03;06;23;65533
03;06;25;8183
03;06;26;126913
03;06;27;13019
03;06;30;5333
03;06;31;503
03;07;08;909
03;07;10;3809
03;07;11;65533
03;07;14;26213
03;07;15;2729
03;07;18;42965
03;07;20;15809
03;07;21;129793
03;07;22;8189
03;07;24;14321
03;07;25;9197
03;07;30;2045
03;08;08;129793
03;08;09;65533
03;08;11;2729
03;08;13;32765
03;08;14;167
03;08;17;20469
03;08;19;47
03;08;21;321
03;08;24;21843
03;08;29;16379
03;08;31;867
03;09;11;55
03;09;12;49145
03;09;15;339
03;09;20;95045
03;09;21;10229
03;09;22;7619
03;09;23;251
03;09;27;507
03;09;28;679
03;10;08;32765
03;10;09;126913
03;10;10;509
03;10;12;2113
03;10;15;407
03;10;16;31
03;10;19;10709
03;10;22;31
03;10;23;55117
03;10;24;1735
03;10;25;8189
03;10;26;1245
03;10;29;5459
03;10;31;223
03;11;18;16001
03;11;21;126913
03;11;22;9361
03;11;26;131069
03;11;27;8175
03;11;28;681
03;11;29;114673
03;11;30;3065
03;12;08;6137
03;12;15;8183
03;12;18;15
03;12;19;1735
03;12;20;509
03;12;24;8183
03;12;25;32765
03;12;27;251
03;12;29;257
03;12;30;114673
03;12;31;239
03;13;16;31
03;14;08;26213
03;14;09;129793
03;14;10;129793
03;14;11;13577
03;14;12;28643
03;14;13;49145
03;14;15;129793
03;14;16;31
03;14;17;8189
03;14;18;32765
03;14;19;39369
03;14;20;31
03;14;24;32765
03;14;25;125
03;14;26;2113
03;14;27;49145
03;14;30;114673
03;14;31;503
03;15;08;8189
03;15;10;42965
03;15;11;129793
03;15;12;509
03;15;16;507
03;15;17;114673
03;15;18;509
03;15;21;65533
03;15;22;6131
03;15;26;43689
03;15;27;371
03;15;28;65533
03;15;30;85973
03;16;08;85973
03;16;11;119
03;16;13;8189
03;16;16;31
03;16;17;32765
03;16;19;509
03;16;22;3
03;16;24;126913
03;16;25;114673
03;16;26;119
03;16;28;119
03;16;29;114673
03;16;31;867
03;17;08;2789
03;17;11;867
03;17;12;129793
03;17;13;65533
03;17;15;867
03;17;17;1259
03;17;20;131069
03;17;21;3569
03;17;22;15329
03;17;23;507
03;17;24;119
03;17;27;119
03;17;28;3065
03;18;08;65533
03;18;11;867
03;18;12;3905
03;18;13;9197
03;18;14;126913
03;18;16;31
03;18;19;1301
03;18;21;131069
03;18;24;31
03;18;25;14321
03;18;29;64769
03;18;31;223
03;19;08;8737
03;19;10;3905
03;19;12;1301
03;19;13;126913
03;19;14;126913
03;19;15;3905
03;19;18;129793
03;19;21;3275
03;19;22;629
03;19;23;7709
03;19;24;39369
03;19;25;8189
03;19;30;909
03;20;08;10229
03;20;09;2183
03;20;12;31
03;20;17;15
03;20;18;32759
03;20;19;32765
03;20;20;5333
03;20;23;131069
03;20;25;2043
03;20;26;15
03;20;27;131069
03;20;31;239
03;21;09;16379
03;21;10;131069
03;21;11;119
03;21;12;1019
03;21;13;503
03;21;24;65533
03;22;10;31
03;22;12;131069
03;22;14;335
03;22;15;49145
03;22;19;679
03;22;20;8189
03;22;21;10921
03;22;22;15809
03;22;24;10709
03;22;25;22133
03;22;27;16379
03;22;28;251
03;22;31;503
03;23;08;49145
03;23;09;114673
03;23;10;43689
03;23;16;1019
03;23;18;10229
03;23;26;65533
03;23;29;1301
03;23;30;10667
03;24;08;126913
03;24;10;509
03;24;12;14223
03;24;13;10229
03;24;14;1735
03;24;18;3569
03;24;20;31
03;24;21;1007
03;24;23;14321
03;24;27;4773
03;24;28;507
03;24;30;503
03;24;31;867
04;01;09;126913
04;01;10;867
04;01;12;55
04;01;14;507
04;01;16;7
04;01;17;9197
04;01;18;371
04;01;19;61409
04;01;21;14321
04;01;23;6137
04;01;24;47
04;01;26;251
04;01;27;9361
04;01;28;47
04;01;29;129793
04;01;31;31
04;02;10;119
04;02;11;65531
04;02;12;27
04;02;13;126913
04;02;16;23
04;02;18;509
04;02;22;167
04;02;24;59
04;02;25;167
04;02;27;419
04;02;28;59
04;02;30;15
04;03;08;131069
04;03;10;32765
04;03;15;119
04;03;17;64007
04;03;21;131069
04;03;22;15
04;03;25;65533
04;03;27;7811
04;03;28;129793
04;03;29;251
04;03;31;129793
04;04;09;9361
04;04;10;41
04;04;24;7
04;05;12;2539
04;05;15;47243
04;05;17;15329
04;05;18;251
04;05;19;13577
04;05;21;131069
04;05;22;15809
04;05;25;131069
04;05;26;251
04;05;27;31
04;05;28;761
04;05;29;39369
04;05;31;1019
04;06;09;32765
04;06;12;253
04;06;14;119
04;06;16;15
04;06;17;9361
04;06;19;32765
04;06;21;371
04;06;22;253
04;06;23;507
04;06;24;253
04;06;26;433
04;06;27;1019
04;06;30;111
04;07;09;114673
04;07;12;329
04;07;14;126913
04;07;15;3065
04;07;21;14321
04;07;25;31
04;07;26;114673
04;07;28;1019
04;07;29;3065
04;07;31;61409
04;08;08;11
04;08;10;185
04;08;12;29
04;08;16;3
04;08;17;125
04;08;18;253
04;08;19;114673
04;08;21;125
04;08;22;433
04;08;23;114673
04;08;24;7
04;08;28;11
04;09;08;16001
04;09;10;1735
04;09;11;85973
04;09;13;509
04;09;14;43689
04;09;15;2189
04;09;16;31
04;09;17;32765
04;09;18;6137
04;09;19;8183
04;09;21;126913
04;09;23;15
04;09;24;3569
04;09;26;131069
04;09;27;19529
04;09;29;31
04;09;30;47
04;09;31;39
04;10;08;59
04;10;15;239
04;10;18;433
04;10;21;509
04;10;22;125
04;10;23;129793
04;10;24;59
04;10;26;125
04;10;28;209
04;10;30;23
04;11;13;22133
04;11;16;119
04;11;21;509
04;11;23;8189
04;11;24;65533
04;11;25;15329
04;11;26;32759
04;11;29;65533
04;11;30;9361
04;11;31;125
04;12;16;7
04;13;09;8189
04;13;11;9197
04;13;12;131069
04;13;13;16001
04;13;15;49145
04;13;16;507
04;13;17;169
04;13;19;31
04;13;21;61409
04;13;23;64769
04;13;24;7619
04;13;26;129793
04;13;27;629
04;13;29;32765
04;13;30;32765
04;13;31;507
04;14;08;253
04;14;09;131069
04;14;10;59
04;14;12;169
04;14;13;126913
04;14;18;15
04;14;21;32765
04;14;22;83
04;14;23;39369
04;14;24;125
04;14;26;27
04;14;28;509
04;14;30;83
04;15;09;18541
04;15;13;5333
04;15;14;711
04;15;15;275
04;15;17;15
04;15;18;909
04;15;19;114673
04;15;21;131069
04;15;23;114673
04;15;24;59
04;15;26;9361
04;15;27;32759
04;15;28;509
04;15;29;15329
04;15;31;119
04;16;08;7
04;16;11;119
04;16;12;13
04;16;13;126913
04;16;15;126913
04;16;16;7
04;16;18;29
04;16;19;129793
04;16;21;118109
04;16;22;23
04;16;23;119
04;16;24;3
04;16;28;9
04;17;12;8189
04;17;14;26213
04;17;15;15
04;17;17;619
04;17;21;10709
04;17;25;169
04;17;26;129793
04;17;28;65533
04;17;29;15809
04;17;31;47
04;18;10;433
04;18;13;32765
04;18;14;15
04;18;15;9361
04;18;16;23
04;18;19;20469
04;18;21;131069
04;18;22;433
04;18;23;185
04;18;24;185
04;18;26;209
04;18;27;126913
04;18;30;23
04;19;08;8189
04;19;09;2729
04;19;10;509
04;19;13;31
04;19;17;126913
04;19;18;119
04;19;19;39369
04;19;21;126913
04;19;22;119
04;19;25;6509
04;19;26;5207
04;19;27;126913
04;19;28;6137
04;19;29;55117
04;19;31;479
04;20;09;7139
04;20;10;433
04;20;11;3065
04;20;12;29
04;20;14;59
04;20;24;13
04;21;09;8189
04;21;11;31
04;21;13;126913
04;21;16;15
04;21;17;20459
04;21;19;2729
04;21;21;118109
04;21;22;65533
04;21;25;2141
04;21;27;14321
04;21;28;8189
04;21;29;49127
04;21;31;867
04;22;09;8189
04;22;10;15
04;22;11;8737
04;22;15;42965
04;22;17;9361
04;22;18;433
04;22;22;433
04;22;24;433
04;22;25;10229
04;22;27;32765
04;22;28;253
04;22;30;29
04;23;09;15
04;23;10;335
04;23;11;43689
04;23;15;8189
04;23;18;47
04;23;19;31
04;23;21;65527
04;23;23;4079
04;23;24;32765
04;23;26;131069
04;23;27;9197
04;23;28;503
04;23;29;2669
04;23;31;65533
04;24;08;7
04;24;10;253
04;24;13;16001
04;24;14;119
04;24;15;8679
04;24;16;7
04;24;20;13
05;01;08;65533
05;01;11;15809
05;01;12;131069
05;01;13;16379
05;01;14;9361
05;01;17;131069
05;01;18;10921
05;01;22;42965
05;01;24;65533
05;01;25;42965
05;01;26;3905
05;01;29;114673
05;01;30;114673
05;02;08;15329
05;02;09;131069
05;02;14;39369
05;02;15;10229
05;02;16;507
05;02;19;503
05;02;20;2789
05;02;22;10921
05;02;23;65533
05;02;27;509
05;02;29;32765
05;03;10;7139
05;03;24;32765
05;04;09;8189
05;04;11;20459
05;04;12;31681
05;04;13;65533
05;04;15;12281
05;04;18;24563
05;04;19;24527
05;04;20;8189
05;04;22;42965
05;04;23;1735
05;04;25;65533
05;04;27;126913
05;04;28;65533
05;04;31;6137
05;05;08;65533
05;05;10;126913
05;05;13;95045
05;05;14;32759
05;05;15;26213
05;05;16;507
05;05;17;43689
05;05;20;95045
05;05;22;1019
05;05;23;43689
05;05;24;31
05;05;25;89
05;05;30;9197
05;06;09;131069
05;06;10;3065
05;06;13;619
05;06;14;681
05;06;15;131069
05;06;16;31
05;06;18;89
05;06;21;125
05;06;24;4091
05;06;25;65531
05;06;26;14321
05;06;27;8189
05;06;28;131069
05;06;31;239
05;07;09;507
05;07;10;65533
05;07;11;2045
05;07;13;119
05;07;16;867
05;07;17;867
05;07;18;65533
05;07;19;15329
05;07;20;6509
05;07;25;1019
05;08;08;129793
05;08;10;18541
05;08;11;43689
05;08;12;26669
05;08;15;126913
05;08;16;119
05;08;18;7
05;08;19;24563
05;08;21;26213
05;08;22;16001
05;08;24;21843
05;08;25;867
05;08;27;8189
05;08;28;335
05;08;30;42965
05;08;31;1007
05;09;09;43689
05;09;16;507
05;09;19;131069
05;09;22;7139
05;09;23;5459
05;09;24;49145
05;09;26;129793
05;09;27;65533
05;09;28;118109
05;09;29;3047
05;09;30;131069
05;10;09;3569
05;10;11;131069
05;10;13;49127
05;10;15;1019
05;10;17;61409
05;10;20;251
05;10;21;126913
05;10;22;131069
05;10;23;9361
05;10;24;65533
05;10;26;114673
05;10;27;114673
05;10;30;114673
05;10;31;32765
05;11;16;31
05;12;10;131069
05;12;12;2339
05;12;13;20469
05;12;14;65531
05;12;15;14321
05;12;16;251
05;12;17;118109
05;12;18;131069
05;12;20;114673
05;12;21;65533
05;12;22;31
05;12;23;2789
05;12;24;32765
05;12;26;4087
05;12;27;2569
05;12;29;9197
05;12;30;3569
05;12;31;26669
05;13;09;65533
05;13;10;2045
05;13;11;32763
05;13;12;19529
05;13;14;16001
05;13;19;169
05;13;22;167
05;13;24;7811
05;13;25;629
05;13;26;1007
05;13;28;2039
05;13;29;129793
05;13;30;65533
05;14;10;371
05;14;13;131069
05;14;15;18541
05;14;17;64769
05;14;18;126913
05;14;19;131069
05;14;21;31495
05;14;22;8189
05;14;24;31
05;14;27;131069
05;14;28;8189
05;14;30;126913
05;14;31;43689
05;15;08;126913
05;15;09;59
05;15;12;15329
05;15;13;1019
05;15;17;867
05;15;18;118109
05;15;19;85973
05;15;20;2491
05;15;25;67
05;15;28;32765
05;16;09;65533
05;16;13;6137
05;16;15;114673
05;16;16;31
05;16;21;126913
05;16;24;126913
05;16;25;114673
05;16;27;32765
05;16;28;129793
05;16;29;39
05;16;31;126913
05;17;10;629
05;17;14;65533
05;17;15;32765
05;17;16;251
05;17;17;509
05;17;22;129793
05;17;23;26213
05;17;24;126913
05;17;25;49145
05;17;30;743
05;18;09;49145
05;18;10;2729
05;18;13;65533
05;18;14;32765
05;18;18;16379
05;18;19;909
05;18;20;131069
05;18;21;8189
05;18;22;114673
05;18;25;7811
05;18;27;131069
05;18;28;239
05;18;31;65531
05;19;08;419
05;19;10;114673
05;19;11;2603
05;19;13;119
05;19;14;32759
05;19;24;65533
05;20;10;32751
05;20;12;32765
05;20;13;32765
05;20;14;239
05;20;15;14321
05;20;16;251
05;20;17;110669
05;20;18;131069
05;20;19;57315
05;20;20;2045
05;20;22;3737
05;20;23;1735
05;20;26;126913
05;20;27;65533
05;20;29;126913
05;20;30;32765
05;20;31;6137
05;21;08;61409
05;21;10;10709
05;21;11;126913
05;21;12;32765
05;21;18;1019
05;21;22;14321
05;21;23;155
05;21;24;32763
05;21;25;65533
05;21;26;64769
05;21;29;7709
05;21;30;64769
05;22;08;1169
05;22;10;31
05;22;12;419
05;22;13;114673
05;22;16;119
05;22;17;339
05;22;19;43689
05;22;20;32765
05;22;21;13577
05;22;23;61409
05;22;24;4091
05;22;25;65531
05;22;27;18541
05;22;29;559
05;22;30;126913
05;22;31;239
05;23;09;867
05;23;11;18541
05;23;12;3905
05;23;15;114673
05;23;16;507
05;23;17;419
05;23;20;20459
05;23;28;65533
05;24;08;126913
05;24;09;65533
05;24;10;131069
05;24;11;114673
05;24;12;43689
05;24;16;119
05;24;18;1007
05;24;19;2043
05;24;21;1301
05;24;23;8189
05;24;25;131069
05;24;27;95045
05;24;29;495
05;24;31;1007
06;01;08;867
06;01;09;16375
06;01;10;1019
06;01;12;1019
06;01;14;495
06;01;16;55
06;01;17;26669
06;01;19;28643
06;01;20;371
06;01;21;125
06;01;23;3065
06;01;24;371
06;01;27;126913
06;01;28;507
06;01;30;419
06;01;31;31
06;02;11;1189
06;02;24;433
06;03;09;761
06;03;10;251
06;03;11;65527
06;03;12;49145
06;03;14;169
06;03;15;65533
06;03;16;55
06;03;18;131069
06;03;19;389
06;03;20;6509
06;03;21;131069
06;03;24;65533
06;03;28;83
06;03;29;126913
06;03;31;3569
06;04;09;14321
06;04;10;169
06;04;12;509
06;04;13;30479
06;04;14;509
06;04;16;15
06;04;18;433
06;04;20;253
06;04;21;509
06;04;22;509
06;04;23;119
06;04;24;41
06;04;26;253
06;04;28;433
06;04;30;27
06;05;08;12263
06;05;11;3065
06;05;14;1559
06;05;16;31
06;05;21;20469
06;05;27;31
06;05;28;433
06;05;31;167
06;06;10;169
06;06;11;43689
06;06;12;433
06;06;14;509
06;06;16;19
06;06;18;169
06;06;20;59
06;06;21;509
06;06;26;29
06;06;28;27
06;07;09;16001
06;07;11;5459
06;07;12;867
06;07;13;36889
06;07;14;32765
06;07;15;14321
06;07;16;867
06;07;19;65533
06;07;20;129793
06;07;21;2039
06;07;25;114673
06;07;28;119
06;07;29;15623
06;07;31;129793
06;08;08;101
06;08;10;433
06;08;11;26213
06;08;12;253
06;08;13;119
06;08;17;119
06;08;20;7
06;08;21;8189
06;08;22;509
06;08;23;65533
06;08;24;41
06;08;25;119
06;08;26;509
06;08;28;23
06;08;30;59
06;09;08;3161
06;09;10;20469
06;09;11;42965
06;09;17;7619
06;09;18;126913
06;09;19;10921
06;09;21;15809
06;09;23;169
06;09;25;8189
06;09;29;43689
06;09;30;65533
06;09;31;47
06;10;16;15
06;11;13;8737
06;11;17;2045
06;11;19;131069
06;11;20;169
06;11;21;31
06;11;23;43689
06;11;25;32765
06;11;27;131069
06;11;29;28657
06;11;30;15329
06;11;31;39369
06;12;10;509
06;12;12;59
06;12;14;433
06;12;15;119
06;12;17;3065
06;12;20;59
06;12;21;61409
06;12;22;41
06;12;23;131069
06;12;24;15
06;12;25;32765
06;12;26;17
06;12;28;185
06;12;30;27
06;13;08;181
06;13;11;8737
06;13;16;507
06;13;19;31
06;13;20;65533
06;13;21;65533
06;13;26;14321
06;13;28;2045
06;13;29;126913
06;13;31;59
06;14;08;509
06;14;10;125
06;14;11;65533
06;14;13;16001
06;14;14;251
06;14;16;27
06;14;18;433
06;14;20;125
06;14;21;509
06;14;26;17
06;14;28;509
06;15;09;9361
06;15;13;110669
06;15;16;55
06;15;17;126913
06;15;18;129793
06;15;21;681
06;15;28;251
06;15;31;53339
06;16;10;253
06;16;13;10229
06;16;14;209
06;16;15;32765
06;16;16;15
06;16;17;31
06;16;18;125
06;16;20;253
06;16;21;47
06;16;22;23
06;16;23;119
06;16;24;433
06;16;26;433
06;16;28;15
06;16;30;59
06;17;09;26213
06;17;10;65533
06;17;11;7709
06;17;13;8189
06;17;14;10229
06;17;15;31
06;17;16;23
06;17;19;507
06;17;20;867
06;17;21;126913
06;17;23;8189
06;17;24;3161
06;17;25;26213
06;17;28;39369
06;17;29;4317
06;17;31;47
06;18;08;15
06;18;09;59
06;18;12;253
06;18;13;167
06;18;14;59
06;18;15;32765
06;18;24;27
06;19;11;26213
06;19;13;31
06;19;15;2045
06;19;16;1019
06;19;17;65533
06;19;18;114673
06;19;19;14321
06;19;20;13019
06;19;21;65533
06;19;23;9361
06;19;24;10709
06;19;27;129793
06;19;28;1301
06;19;30;125
06;19;31;95045
06;20;11;509
06;20;12;15
06;20;13;126913
06;20;14;169
06;20;15;15809
06;20;16;15
06;20;22;247
06;20;24;433
06;20;26;253
06;20;27;65527
06;20;30;27
06;21;08;83
06;21;10;10229
06;21;11;31
06;21;16;119
06;21;17;1259
06;21;19;15239
06;21;20;43689
06;21;21;129793
06;21;23;126913
06;21;24;64769
06;21;25;19529
06;21;26;131069
06;21;27;131069
06;21;28;2113
06;21;29;131069
06;21;30;681
06;21;31;339
06;22;09;16001
06;22;10;433
06;22;12;433
06;22;13;28657
06;22;15;47
06;22;16;59
06;22;17;31
06;22;18;61
06;22;20;433
06;22;28;253
06;23;08;126913
06;23;09;31
06;23;10;15809
06;23;12;32765
06;23;13;1021
06;23;14;6509
06;23;16;167
06;23;19;26213
06;23;21;126913
06;23;23;114673
06;23;24;1067
06;23;25;126913
06;23;27;14321
06;23;29;131069
06;23;31;18541
06;24;08;433
06;24;11;16001
06;24;12;433
06;24;13;32765
06;24;14;59
06;24;17;119
06;24;22;167
06;24;26;509
06;24;30;59
07;01;10;6509
07;01;24;3161
07;02;11;3275
07;02;12;131069
07;02;13;131069
07;02;14;65533
07;02;16;251
07;02;17;2045
07;02;18;2669
07;02;20;26213
07;02;21;114673
07;02;22;26213
07;02;24;49145
07;02;25;5207
07;02;26;26213
07;02;28;2045
07;02;29;42965
07;02;30;129793
07;02;31;55
07;03;08;63363
07;03;10;8183
07;03;12;10229
07;03;14;8183
07;03;17;8183
07;03;19;43689
07;03;20;8189
07;03;22;8189
07;03;24;2045
07;03;27;3569
07;03;30;65533
07;04;13;1115
07;04;17;126913
07;04;18;1007
07;04;21;23621
07;04;23;49145
07;04;25;3905
07;04;29;119
07;04;31;119
07;05;08;419
07;05;10;14321
07;05;11;95
07;05;12;43689
07;05;15;507
07;05;16;867
07;05;18;131069
07;05;19;867
07;05;27;251
07;05;28;49145
07;06;09;32759
07;06;13;32765
07;06;14;85973
07;06;15;1019
07;06;16;867
07;06;17;32751
07;06;20;419
07;06;22;1301
07;06;25;16001
07;06;27;43689
07;06;29;9197
07;06;31;55
07;07;08;131069
07;07;09;20459
07;07;10;681
07;07;11;131069
07;07;12;8189
07;07;16;251
07;07;18;55
07;07;21;131069
07;07;22;126913
07;07;24;2339
07;07;25;131069
07;07;28;5459
07;07;29;61409
07;07;30;1019
07;08;08;129793
07;08;11;16381
07;08;22;15
07;08;24;8679
07;08;27;32765
07;08;29;509
07;08;30;47
07;08;31;119
07;09;16;31
07;10;10;14279
07;10;15;9361
07;10;16;507
07;10;17;65533
07;10;19;65533
07;10;22;126913
07;10;24;43689
07;10;27;95045
07;10;29;14321
07;10;30;65533
07;10;31;55
07;11;12;8189
07;11;13;65533
07;11;15;5109
07;11;16;59
07;11;18;65531
07;11;21;509
07;11;22;131069
07;11;25;126913
07;11;28;1301
07;11;29;114673
07;11;30;65533
07;12;08;61
07;12;09;16001
07;12;15;3161
07;12;17;1301
07;12;20;31
07;12;22;13019
07;12;26;18541
07;12;27;126913
07;12;28;629
07;12;29;509
07;12;31;119
07;13;09;10667
07;13;11;503
07;13;12;6509
07;13;15;119
07;13;19;419
07;13;21;31495
07;13;27;371
07;13;28;7139
07;14;10;2045
07;14;17;1385
07;14;18;867
07;14;19;8189
07;14;21;2729
07;14;23;114673
07;14;25;114673
07;14;28;1019
07;14;29;65533
07;14;31;55
07;15;10;2045
07;15;12;5207
07;15;14;3905
07;15;15;21335
07;15;17;126913
07;15;18;131069
07;15;19;16001
07;15;20;7139
07;15;21;7111
07;15;22;10667
07;15;24;20469
07;15;28;129793
07;15;30;8189
07;16;09;32765
07;16;10;131069
07;16;11;61409
07;16;13;181
07;16;14;15
07;16;15;3065
07;16;16;31
07;16;20;32765
07;16;21;32765
07;16;22;49145
07;16;24;119
07;16;25;126913
07;16;28;867
07;16;29;126913
07;16;30;31
07;16;31;119
07;17;09;32765
07;17;10;10709
07;17;14;509
07;17;15;119
07;17;24;129793
07;18;08;49145
07;18;09;42965
07;18;12;55117
07;18;13;47
07;18;14;31
07;18;16;15
07;18;17;65533
07;18;19;5517
07;18;22;8189
07;18;23;131069
07;18;25;5207
07;18;28;22133
07;18;31;55
07;19;08;2039
07;19;12;32751
07;19;13;32765
07;19;14;5459
07;19;15;867
07;19;16;867
07;19;18;32765
07;19;22;3569
07;19;25;10667
07;19;30;2045
07;20;12;31
07;20;16;119
07;20;18;8189
07;20;19;131069
07;20;20;867
07;20;21;49145
07;20;23;32765
07;20;24;65533
07;20;25;114673
07;20;26;909
07;20;27;36889
07;20;29;119
07;20;30;31
07;20;31;119
07;21;08;16001
07;21;10;3569
07;21;11;867
07;21;14;10709
07;21;16;47
07;21;19;83
07;21;20;867
07;21;28;114673
07;22;08;15329
07;22;09;43689
07;22;10;32765
07;22;13;1021
07;22;14;629
07;22;21;32765
07;22;22;629
07;22;24;131069
07;22;25;239
07;22;27;114673
07;22;28;131069
07;22;30;49145
07;22;31;55
07;23;09;126913
07;23;10;65533
07;23;22;26213
07;23;26;65533
07;23;30;65533
07;24;08;31
07;24;10;26213
07;24;11;2729
07;24;13;32765
07;24;15;119
07;24;23;1019
07;24;25;61409
07;24;27;32765
07;24;29;509
07;24;31;119
08;01;08;31
08;01;12;31
08;01;13;119
08;01;17;126913
08;01;18;47
08;01;21;39
08;01;22;31
08;01;23;65533
08;01;25;49145
08;01;26;47
08;01;27;251
08;01;28;31
08;01;30;47
08;01;31;31
08;02;08;15
08;02;09;31495
08;02;13;9361
08;02;17;47
08;02;18;253
08;02;20;15
08;02;21;12263
08;02;22;27
08;02;23;2045
08;02;25;31
08;02;27;119
08;02;28;23
08;02;30;15
08;03;08;126913
08;03;09;126913
08;03;13;8679
08;03;14;42965
08;03;19;49145
08;03;21;15329
08;03;26;119
08;03;28;31
08;03;29;8679
08;03;30;42965
08;03;31;42965
08;04;08;7
08;04;09;43689
08;04;12;11
08;04;16;3
08;04;19;1067
08;04;20;13
08;04;22;59
08;04;28;7
08;05;08;126913
08;05;11;119
08;05;12;42965
08;05;13;2379
08;05;14;7
08;05;15;507
08;05;16;119
08;05;17;126913
08;05;18;16001
08;05;21;65533
08;05;27;31
08;05;31;867
08;06;08;433
08;06;09;19529
08;06;10;253
08;06;12;7
08;06;13;118109
08;06;15;114673
08;06;18;253
08;06;19;15
08;06;22;209
08;06;23;251
08;06;25;125
08;06;26;125
08;06;28;15
08;06;30;119
08;07;08;31
08;07;09;24527
08;07;10;15
08;07;13;39369
08;07;15;2043
08;07;20;65533
08;07;23;131069
08;07;25;509
08;07;29;867
08;07;30;119
08;07;31;909
08;08;08;5
08;08;16;3
08;09;08;32765
08;09;09;114673
08;09;13;43689
08;09;14;9361
08;09;15;61409
08;09;17;63239
08;09;20;8189
08;09;23;31
08;09;25;503
08;09;29;118109
08;09;30;47
08;09;31;39
08;10;08;433
08;10;11;65533
08;10;13;7
08;10;14;253
08;10;16;15
08;10;17;119
08;10;18;253
08;10;19;32765
08;10;21;10229
08;10;22;15
08;10;23;114673
08;10;25;6137
08;10;26;509
08;10;28;23
08;10;30;19
08;11;08;126913
08;11;09;126913
08;11;10;8189
08;11;13;509
08;11;16;119
08;11;17;10229
08;11;18;15
08;11;21;15
08;11;27;95045
08;11;28;15
08;11;31;9361
08;12;08;29
08;12;10;59
08;12;11;3065
08;12;12;29
08;12;13;2043
08;12;16;7
08;12;18;253
08;12;19;509
08;12;20;7
08;12;22;125
08;12;28;13
08;13;08;126913
08;13;09;39369
08;13;10;61409
08;13;11;131069
08;13;14;31
08;13;15;131069
08;13;18;251
08;13;19;7
08;13;20;126913
08;13;26;1021
08;13;30;31
08;13;31;251
08;14;08;15
08;14;09;49145
08;14;10;41
08;14;16;15
08;14;18;7
08;14;19;3905
08;14;20;253
08;14;21;131069
08;14;22;169
08;14;25;507
08;14;27;1169
08;14;28;59
08;14;30;509
08;15;08;31
08;15;09;42965
08;15;13;57315
08;15;14;65531
08;15;16;31
08;15;22;43689
08;15;23;131069
08;15;25;867
08;15;26;1091
08;15;28;15
08;15;30;8189
08;15;31;114673
08;16;08;3
08;16;10;59
08;16;16;3
08;16;24;5
08;17;08;31
08;17;09;2045
08;17;10;55117
08;17;11;3161
08;17;14;131069
08;17;15;7
08;17;16;31
08;17;17;1019
08;17;18;42965
08;17;19;8189
08;17;22;1091
08;17;23;26213
08;17;25;32765
08;17;26;42965
08;17;28;31
08;17;29;1007
08;17;30;9361
08;17;31;47
08;18;08;15
08;18;12;509
08;18;13;9197
08;18;14;7
08;18;16;15
08;18;17;8679
08;18;19;28657
08;18;22;509
08;18;25;47
08;18;26;119
08;18;28;253
08;18;30;23
08;19;08;126913
08;19;10;49145
08;19;12;407
08;19;13;7
08;19;16;31
08;19;20;1259
08;19;25;65531
08;19;27;16001
08;19;30;39
08;19;31;8189
08;20;08;29
08;20;09;32765
08;20;11;167
08;20;12;7
08;20;13;129793
08;20;14;433
08;20;15;31681
08;20;16;7
08;20;17;509
08;20;18;125
08;20;20;13
08;20;28;11
08;21;08;126913
08;21;09;28643
08;21;10;110669
08;21;11;15
08;21;12;8189
08;21;13;10709
08;21;15;15809
08;21;18;419
08;21;19;101
08;21;21;7709
08;21;22;16375
08;21;23;126913
08;21;27;126913
08;21;28;507
08;21;29;509
08;21;31;35
08;22;08;433
08;22;10;15
08;22;12;15
08;22;19;47
08;22;26;167
08;22;30;253
08;23;08;32765
08;23;09;31
08;23;10;2729
08;23;21;509
08;23;23;131069
08;23;25;129793
08;23;29;43689
08;23;31;129793
09;01;09;32765
09;01;10;65533
09;01;14;65527
09;01;19;28657
09;01;20;114673
09;01;22;2183
09;01;23;65533
09;01;24;1487
09;01;26;8189
09;01;29;16379
09;01;30;681
09;02;09;31
09;02;14;65531
09;02;16;111
09;02;19;114673
09;02;20;629
09;02;21;26213
09;02;26;1019
09;02;31;20459
09;03;09;867
09;03;17;507
09;03;18;65533
09;03;20;8189
09;03;22;3569
09;03;28;15809
09;04;08;131069
09;04;09;15
09;04;10;21335
09;04;12;8189
09;04;15;65533
09;04;16;31
09;04;18;9361
09;04;19;129793
09;04;21;433
09;04;22;49145
09;04;25;1301
09;04;28;43689
09;04;29;126913
09;04;31;49145
09;05;09;32765
09;05;11;14321
09;05;13;131069
09;05;14;4087
09;05;16;507
09;05;18;32765
09;05;20;126913
09;05;22;26213
09;05;27;1021
09;05;28;26669
09;05;29;15329
09;05;30;26213
09;06;09;31
09;06;11;129793
09;06;12;251
09;06;14;8189
09;06;19;10921
09;06;21;65533
09;06;23;114673
09;06;24;3161
09;06;25;18541
09;06;29;1021
09;06;30;26213
09;06;31;21419
09;07;09;47
09;07;16;31
09;08;08;9361
09;08;09;31
09;08;13;126913
09;08;15;26213
09;08;17;131069
09;08;18;7619
09;08;21;65533
09;08;23;15329
09;08;24;31
09;08;25;3569
09;08;26;1007
09;08;29;43689
09;08;30;119
09;08;31;129793
09;09;08;49145
09;09;09;126913
09;09;14;119
09;09;15;83
09;09;16;27
09;09;18;119
09;09;22;64769
09;09;23;65533
09;09;24;65533
09;09;27;2603
09;09;28;131069
09;09;29;16379
09;09;30;371
09;10;09;126913
09;10;10;2045
09;10;11;65531
09;10;12;867
09;10;13;118109
09;10;18;64769
09;10;19;509
09;10;20;65533
09;10;21;5207
09;10;22;65533
09;10;25;131069
09;10;28;129793
09;10;31;18541
09;11;09;167
09;11;11;129793
09;11;12;371
09;11;13;507
09;11;16;507
09;11;17;119
09;11;18;131069
09;11;21;867
09;11;22;131069
09;11;28;167
09;12;09;31
09;12;11;8189
09;12;12;47
09;12;13;7619
09;12;15;1007
09;12;16;507
09;12;18;1487
09;12;19;9361
09;12;20;31
09;12;21;26213
09;12;26;53339
09;12;30;2729
09;12;31;65533
09;13;08;65533
09;13;09;126913
09;13;10;125
09;13;16;503
09;13;19;114673
09;13;21;114673
09;13;22;10709
09;13;23;65527
09;13;24;118109
09;13;26;42965
09;13;29;761
09;13;30;65533
09;14;09;31
09;14;12;43689
09;14;14;761
09;14;15;64769
09;14;16;15
09;14;18;31
09;14;20;126913
09;14;23;5207
09;14;24;8189
09;14;25;12263
09;14;26;2729
09;14;27;32765
09;14;28;339
09;14;31;419
09;15;09;55
09;15;10;681
09;15;11;131069
09;15;16;47
09;15;17;119
09;15;24;3161
09;16;08;32765
09;16;11;761
09;16;16;31
09;16;18;7
09;16;19;509
09;16;20;32765
09;16;22;39369
09;16;23;5109
09;16;25;47
09;16;27;32765
09;16;28;867
09;16;30;39
09;16;31;114673
09;17;09;65533
09;17;10;2043
09;17;12;26039
09;17;15;65533
09;17;16;867
09;17;18;114673
09;17;23;3905
09;17;26;129793
09;17;27;1637
09;17;28;114673
09;17;29;65533
09;17;30;131069
09;18;08;15329
09;18;09;31
09;18;12;15809
09;18;13;65533
09;18;14;867
09;18;16;55
09;18;20;125
09;18;21;4079
09;18;23;1259
09;18;26;114673
09;18;27;13019
09;18;29;14321
09;18;31;20459
09;19;09;867
09;19;10;126913
09;19;12;509
09;19;13;867
09;19;15;26213
09;19;18;1169
09;19;19;114673
09;19;20;1169
09;19;28;57287
09;20;08;65533
09;20;09;31
09;20;12;31
09;20;14;126913
09;20;16;31
09;20;17;251
09;20;18;2045
09;20;19;3905
09;20;20;5517
09;20;21;126913
09;20;23;85973
09;20;24;114673
09;20;25;197
09;20;27;114673
09;20;29;131069
09;20;30;7619
09;20;31;49145
09;21;09;681
09;21;10;65533
09;21;11;129793
09;21;14;126913
09;21;16;495
09;21;18;65533
09;21;22;85973
09;21;26;10921
09;21;30;131069
09;22;09;114673
09;22;10;9197
09;22;16;59
09;22;17;131069
09;22;18;2189
09;22;19;32765
09;22;20;126913
09;22;23;7619
09;22;25;131069
09;22;29;39369
09;24;08;32765
09;24;09;31
09;24;10;2729
09;24;21;509
09;24;23;131069
09;24;25;129793
09;24;27;24527
09;24;29;43689
09;24;31;129793
10;01;10;31
10;01;16;119
10;01;17;126913
10;01;18;59
10;01;20;867
10;01;22;1019
10;01;27;21589
10;01;29;49145
10;01;31;31
10;02;08;509
10;02;10;433
10;02;17;251
10;02;18;509
10;02;21;389
10;02;22;253
10;02;23;3047
10;03;08;131069
10;03;10;31
10;03;16;31
10;03;17;114673
10;03;19;2045
10;03;20;3905
10;03;23;126913
10;03;28;57315
10;03;29;10921
10;03;30;131069
10;03;31;119
10;04;10;15
10;04;12;253
10;04;14;209
10;04;15;32765
10;04;17;119
10;04;18;15
10;04;21;61319
10;04;24;59
10;04;25;43689
10;04;27;42965
10;04;28;125
10;04;30;433
10;05;09;32765
10;05;10;31
10;05;11;131069
10;05;12;507
10;05;13;131069
10;05;15;6509
10;05;23;3065
10;05;25;55117
10;05;27;131069
10;05;28;26213
10;05;29;9197
10;05;30;26213
10;05;31;1019
10;06;10;23
10;06;16;15
10;07;08;26213
10;07;09;43689
10;07;10;126913
10;07;13;507
10;07;14;131069
10;07;15;47243
10;07;16;507
10;07;17;61409
10;07;18;2045
10;07;20;65533
10;07;23;1021
10;07;25;867
10;07;27;6137
10;07;29;114673
10;07;30;16001
10;07;31;26213
10;08;08;253
10;08;09;131069
10;08;10;15
10;08;15;509
10;08;16;15
10;08;18;433
10;08;19;31
10;08;21;31
10;08;24;433
10;08;25;14321
10;08;27;14321
10;08;28;15
10;08;30;253
10;09;10;65533
10;09;12;85973
10;09;13;114673
10;09;15;65533
10;09;18;126913
10;09;19;251
10;09;20;867
10;09;22;32765
10;09;23;31
10;09;28;509
10;09;29;65533
10;09;30;114673
10;09;31;47
10;10;09;16375
10;10;10;433
10;10;12;23
10;10;13;32751
10;10;14;29
10;10;16;59
10;10;18;101
10;10;21;7139
10;10;22;253
10;10;23;61409
10;10;28;59
10;11;08;118109
10;11;09;65533
10;11;10;32765
10;11;12;9197
10;11;13;9361
10;11;15;15239
10;11;16;31
10;11;17;42965
10;11;19;12953
10;11;21;31
10;11;22;126913
10;11;27;3065
10;11;31;61
10;12;09;2729
10;12;10;15
10;12;11;3905
10;12;13;5459
10;12;16;15
10;12;17;31
10;12;19;126913
10;12;20;15
10;12;22;433
10;12;23;42965
10;12;24;433
10;12;25;3569
10;12;26;101
10;12;30;29
10;13;10;114673
10;13;12;131069
10;13;13;509
10;13;14;24563
10;13;15;12953
10;13;17;26213
10;13;18;2729
10;13;19;31
10;13;21;16379
10;13;24;14321
10;13;25;131069
10;13;27;12263
10;13;28;131069
10;13;31;867
10;14;09;9361
10;14;10;27
10;14;11;10667
10;14;12;169
10;14;16;23
10;14;18;59
10;14;24;433
10;15;08;15329
10;15;09;129793
10;15;10;9197
10;15;12;2729
10;15;14;2169
10;15;16;47
10;15;17;31
10;15;20;1859
10;15;22;16001
10;15;24;129793
10;15;27;4773
10;15;28;65533
10;15;31;26669
10;16;09;10229
10;16;10;7
10;16;11;65533
10;16;12;29
10;16;16;15
10;16;17;119
10;16;19;867
10;16;20;15
10;16;22;509
10;16;24;433
10;16;25;129793
10;16;27;119
10;16;28;23
10;16;30;125
10;17;10;65533
10;17;12;131069
10;17;13;32765
10;17;14;14321
10;17;15;31
10;17;16;119
10;17;17;20469
10;17;18;126913
10;17;21;57315
10;17;23;761
10;17;24;126913
10;17;25;8189
10;17;27;65533
10;17;29;5109
10;17;30;65533
10;17;31;47
10;18;10;253
10;18;11;61319
10;18;12;253
10;18;13;32765
10;18;14;209
10;18;16;27
10;18;19;61409
10;18;20;69
10;18;28;29
10;19;09;3275
10;19;10;509
10;19;12;129793
10;19;13;31
10;19;15;3809
10;19;17;49145
10;19;18;329
10;19;19;31495
10;19;21;8189
10;19;22;21589
10;19;24;131069
10;19;25;126913
10;19;27;509
10;19;28;681
10;19;30;85973
10;19;31;64769
10;20;09;9197
10;20;10;15
10;20;12;59
10;20;13;126913
10;20;16;23
10;20;17;507
10;20;18;125
10;20;19;10229
10;20;20;125
10;20;22;119
10;20;26;247
10;20;30;433
10;21;10;101
10;21;11;31
10;21;14;95045
10;21;16;47
10;21;18;32765
10;21;19;761
10;21;20;43689
10;21;25;761
10;21;27;8189
10;21;29;24563
10;21;31;507
10;23;09;114673
10;23;10;9197
10;23;16;59
10;23;17;131069
10;23;18;2189
10;23;19;32765
10;23;20;126913
10;23;23;7619
10;23;25;131069
10;23;27;65531
10;23;29;39369
10;24;08;433
10;24;10;15
10;24;12;15
10;24;19;47
10;24;22;247
10;24;26;167
10;24;30;253
11;01;08;61409
11;01;09;26039
11;01;11;867
11;01;14;2729
11;01;18;2729
11;01;19;1019
11;01;20;4091
11;01;23;247
11;02;09;8189
11;02;10;321
11;02;11;31
11;02;12;126913
11;02;14;419
11;02;17;15809
11;02;20;507
11;02;22;779
11;02;23;21843
11;02;24;15809
11;02;25;7111
11;02;28;15809
11;02;30;65533
11;02;31;339
11;03;08;251
11;03;10;32765
11;03;11;114673
11;03;15;65533
11;03;18;21079
11;03;20;129793
11;03;24;909
11;03;25;61409
11;03;26;3569
11;03;29;65533
11;03;30;15329
11;04;11;31
11;04;12;6131
11;04;13;126913
11;04;14;32765
11;04;15;65533
11;04;16;119
11;04;26;479
11;04;27;1301
11;04;29;57287
11;04;30;42965
11;04;31;867
11;05;11;47
11;05;16;31
11;06;09;65533
11;06;10;65533
11;06;11;31
11;06;13;42965
11;06;17;3905
11;06;19;42965
11;06;24;28643
11;06;26;681
11;06;28;131069
11;06;29;114673
11;06;30;10667
11;06;31;507
11;07;09;131069
11;07;10;126913
11;07;11;114673
11;07;12;126913
11;07;14;43689
11;07;16;59
11;07;17;2729
11;07;18;619
11;07;24;42965
11;07;25;65533
11;07;29;32765
11;07;30;43689
11;08;08;65533
11;08;09;26213
11;08;10;1487
11;08;11;15
11;08;13;3555
11;08;14;167
11;08;16;119
11;08;19;85973
11;08;21;126913
11;08;23;16001
11;08;24;126913
11;08;25;43689
11;08;28;507
11;08;30;31
11;08;31;35
11;09;11;83
11;09;12;32765
11;09;13;1019
11;09;15;35
11;09;16;507
11;09;19;867
11;09;22;8759
11;09;23;507
11;09;28;507
11;10;08;2113
11;10;11;31
11;10;15;110669
11;10;16;31
11;10;17;65531
11;10;18;32765
11;10;21;16001
11;10;22;509
11;10;24;131069
11;10;25;131069
11;10;26;126913
11;10;27;114673
11;10;29;26669
11;10;31;339
11;11;08;65533
11;11;10;129793
11;11;11;32765
11;11;12;629
11;11;14;32751
11;11;16;867
11;11;18;8189
11;11;20;126913
11;11;21;509
11;11;22;14321
11;11;23;1301
11;11;24;65531
11;11;26;4087
11;11;30;251
11;12;10;1259
11;12;11;114673
11;12;13;125
11;12;15;32765
11;12;16;251
11;12;18;239
11;12;19;9197
11;12;20;31
11;12;21;32765
11;12;23;131069
11;12;25;31495
11;12;26;2113
11;12;28;114673
11;12;29;19095
11;12;30;32759
11;12;31;867
11;13;11;55
11;13;16;47
11;13;19;119
11;13;24;32765
11;14;08;57315
11;14;11;251
11;14;14;114673
11;14;16;867
11;14;17;15329
11;14;18;31
11;14;20;10229
11;14;21;57315
11;14;22;32765
11;14;25;1169
11;14;27;167
11;14;28;43689
11;14;29;8189
11;14;31;507
11;15;08;131069
11;15;10;509
11;15;11;65533
11;15;12;509
11;15;17;126913
11;15;18;85973
11;15;20;131069
11;15;21;8189
11;15;22;65533
11;15;24;49145
11;15;25;16001
11;15;26;479
11;15;29;131069
11;15;30;2789
11;16;10;21589
11;16;11;7
11;16;12;167
11;16;15;65533
11;16;16;31
11;16;17;15809
11;16;18;65533
11;16;19;114673
11;16;23;131069
11;16;24;126913
11;16;25;131069
11;16;26;129793
11;16;27;114673
11;16;28;119
11;16;29;32765
11;16;30;47
11;16;31;35
11;17;10;114673
11;17;11;507
11;17;12;129793
11;17;15;419
11;17;18;42965
11;17;20;3161
11;17;28;131069
11;18;10;65533
11;18;11;867
11;18;12;389
11;18;14;31
11;18;16;55
11;18;18;32765
11;18;21;9361
11;18;22;131069
11;18;23;8189
11;18;25;167
11;18;27;32765
11;18;28;5207
11;18;29;2729
11;18;31;339
11;19;11;3065
11;19;12;131069
11;19;13;65533
11;19;18;2113
11;19;19;114673
11;19;20;65533
11;19;21;15329
11;19;22;15329
11;19;26;65533
11;19;30;125
11;20;08;131069
11;20;10;479
11;20;11;32765
11;20;12;867
11;20;13;26213
11;20;14;118109
11;20;16;31
11;20;25;3809
11;20;27;509
11;20;31;867
11;22;08;49145
11;22;10;101
11;22;11;31
11;22;14;95045
11;22;16;47
11;22;18;32765
11;22;19;761
11;22;20;43689
11;22;25;761
11;22;27;8189
11;22;31;507
11;23;08;219
11;23;09;681
11;23;10;65533
11;23;11;129793
11;23;14;126913
11;23;18;65533
11;23;22;85973
11;23;26;10921
11;23;30;131069
11;24;08;126913
11;24;09;28643
11;24;10;110669
11;24;11;15
11;24;12;8189
11;24;13;10709
11;24;15;15809
11;24;18;419
11;24;19;101
11;24;21;7709
11;24;22;16375
11;24;23;126913
11;24;27;126913
11;24;28;507
11;24;29;509
11;24;31;35
12;01;10;507
12;01;12;31
12;01;13;32759
12;01;14;203
12;01;16;31
12;01;18;31
12;01;19;61409
12;01;21;131069
12;01;22;371
12;01;23;16001
12;01;24;15
12;01;25;251
12;01;29;125
12;01;31;31
12;02;08;27
12;02;11;114673
12;02;12;15
12;02;16;7
12;02;19;32765
12;02;23;509
12;02;24;59
12;02;25;507
12;02;26;29
12;02;27;507
12;02;30;15
12;03;11;32765
12;03;12;31
12;03;13;7709
12;03;14;15
12;03;17;16379
12;03;19;9197
12;03;21;129793
12;03;23;8189
12;03;24;7111
12;03;25;26213
12;03;27;65533
12;03;29;509
12;03;30;32765
12;03;31;8679
12;04;12;11
12;04;16;7
12;05;10;167
12;05;12;114673
12;05;13;1019
12;05;14;32765
12;05;15;126913
12;05;16;251
12;05;17;32765
12;05;18;83
12;05;19;2729
12;05;20;3047
12;05;21;8189
12;05;23;507
12;05;24;509
12;05;25;129793
12;05;27;31
12;05;30;509
12;05;31;1019
12;06;08;15
12;06;10;59
12;06;12;15
12;06;14;433
12;06;17;239
12;06;18;19
12;06;21;3065
12;06;23;114673
12;06;24;433
12;06;25;16001
12;06;26;59
12;06;27;114673
12;06;30;251
12;07;08;131069
12;07;12;31
12;07;13;42965
12;07;15;65533
12;07;17;114673
12;07;20;65533
12;07;22;32765
12;07;23;126913
12;07;24;55
12;07;25;31
12;07;29;509
12;07;31;41
12;08;08;13
12;08;12;7
12;08;14;433
12;08;16;7
12;08;20;13
12;08;24;29
12;08;28;11
12;09;12;31
12;09;13;909
12;09;16;507
12;09;17;2045
12;09;18;114673
12;09;19;49145
12;09;20;371
12;09;22;1019
12;09;23;31
12;09;26;2729
12;09;27;32765
12;09;29;42965
12;09;31;39
12;10;09;119
12;10;11;867
12;10;12;59
12;10;13;545
12;10;14;253
12;10;16;15
12;10;18;185
12;10;19;65533
12;10;21;32765
12;10;22;15
12;10;24;509
12;10;30;23
12;11;09;85973
12;11;12;867
12;11;13;18541
12;11;14;119
12;11;16;251
12;11;17;32765
12;11;19;126913
12;11;21;31
12;11;23;114673
12;11;25;1067
12;11;26;131069
12;11;30;509
12;11;31;65533
12;12;11;2519
12;12;12;9
12;12;13;126913
12;12;16;11
12;12;20;29
12;12;24;7
12;13;08;126913
12;13;09;129793
12;13;10;55117
12;13;13;2603
12;13;19;31
12;13;21;1007
12;13;22;761
12;13;26;59
12;13;27;32759
12;13;29;8189
12;13;30;659
12;13;31;507
12;14;12;209
12;14;13;6137
12;14;18;15
12;14;21;129793
12;14;22;19
12;14;24;433
12;14;26;253
12;14;27;14321
12;14;30;509
12;15;10;761
12;15;12;509
12;15;14;2043
12;15;15;126913
12;15;16;47
12;15;17;15
12;15;18;4317
12;15;20;22133
12;15;24;8189
12;15;26;114673
12;15;27;3471
12;15;29;8737
12;15;30;8189
12;15;31;65531
12;16;10;59
12;16;12;7
12;16;13;2669
12;16;16;7
12;16;19;47
12;16;28;11
12;17;10;55117
12;17;11;131069
12;17;12;126913
12;17;15;15
12;17;16;31
12;17;18;503
12;17;21;8189
12;17;23;9197
12;17;24;125
12;17;26;32765
12;17;27;629
12;17;29;114673
12;17;30;509
12;17;31;47
12;18;12;253
12;18;14;433
12;18;17;32765
12;18;20;169
12;18;21;114673
12;18;22;509
12;18;26;253
12;18;30;23
12;19;08;49145
12;19;10;26213
12;19;13;31
12;19;15;507
12;19;16;31
12;19;17;2789
12;19;23;43689
12;19;25;18541
12;19;27;65533
12;19;31;42965
12;21;08;131069
12;21;10;479
12;21;11;32765
12;21;12;867
12;21;13;26213
12;21;14;118109
12;21;16;31
12;21;23;12263
12;21;25;3809
12;21;27;509
12;21;31;867
12;22;09;9197
12;22;12;59
12;22;13;126913
12;22;16;23
12;22;17;507
12;22;18;125
12;22;19;10229
12;22;20;125
12;22;22;119
12;22;30;433
12;23;08;65533
12;23;09;31
12;23;12;31
12;23;14;126913
12;23;16;31
12;23;17;251
12;23;18;2045
12;23;19;3905
12;23;20;5517
12;23;21;126913
12;23;24;114673
12;23;25;197
12;23;27;114673
12;23;29;131069
12;23;30;7619
12;23;31;49145
12;24;08;29
12;24;09;32765
12;24;11;167
12;24;12;7
12;24;13;129793
12;24;14;433
12;24;15;31681
12;24;16;7
12;24;17;509
12;24;18;125
12;24;20;13
12;24;28;11
13;01;08;114673
13;01;09;26213
13;01;12;131069
13;01;13;126913
13;01;14;9197
13;01;17;131069
13;01;20;131069
13;01;22;65527
13;01;25;18541
13;01;27;18541
13;01;30;126913
13;02;10;61409
13;02;13;31
13;02;15;32765
13;02;18;131069
13;02;21;131069
13;02;24;8189
13;02;28;18541
13;02;30;65533
13;02;31;10667
13;03;13;47
13;03;16;31
13;04;08;15329
13;04;09;126913
13;04;11;9361
13;04;13;31
13;04;14;61409
13;04;15;181
13;04;16;507
13;04;17;16001
13;04;20;65533
13;04;21;65527
13;04;24;61409
13;04;28;85973
13;04;30;509
13;04;31;42965
13;05;09;65531
13;05;10;2113
13;05;11;28643
13;05;13;32765
13;05;18;114673
13;05;25;32765
13;05;27;126913
13;06;08;114673
13;06;10;114673
13;06;12;16001
13;06;13;31
13;06;15;6509
13;06;16;507
13;06;17;26213
13;06;18;26669
13;06;21;131069
13;06;23;3161
13;06;24;629
13;06;25;14321
13;06;26;32765
13;06;28;629
13;06;29;7139
13;06;31;64769
13;07;09;203
13;07;10;129793
13;07;13;867
13;07;15;42965
13;07;17;507
13;07;20;57287
13;07;21;19
13;07;24;65533
13;07;25;1019
13;07;28;43689
13;08;08;65533
13;08;09;118109
13;08;13;7
13;08;14;2729
13;08;17;42965
13;08;18;31
13;08;19;10709
13;08;20;509
13;08;21;16379
13;08;23;16367
13;08;25;21843
13;08;29;26669
13;08;31;8189
13;09;08;119
13;09;10;43689
13;09;12;65533
13;09;13;126913
13;09;14;8183
13;09;15;18541
13;09;17;5333
13;09;18;681
13;09;19;26669
13;09;20;26213
13;09;22;509
13;09;23;15239
13;09;24;5333
13;09;25;65533
13;09;30;61409
13;10;08;126913
13;10;09;21335
13;10;11;19529
13;10;13;31
13;10;14;114673
13;10;15;21589
13;10;17;26213
13;10;18;26213
13;10;20;63363
13;10;22;114673
13;10;25;2729
13;10;26;7619
13;10;27;8189
13;10;28;57287
13;10;29;4091
13;10;31;95045
13;11;10;9361
13;11;12;65533
13;11;13;55
13;11;14;16001
13;11;16;47
13;11;21;47
13;11;24;32765
13;12;09;59
13;12;11;16001
13;12;13;31
13;12;14;64769
13;12;17;3809
13;12;20;126913
13;12;22;9361
13;12;23;114673
13;12;24;239
13;12;27;61409
13;12;28;129793
13;12;30;9361
13;12;31;479
13;13;10;761
13;13;12;16001
13;13;13;114673
13;13;16;83
13;13;18;129793
13;13;19;126913
13;13;20;503
13;13;25;114673
13;13;30;507
13;14;08;95045
13;14;11;2729
13;14;13;65533
13;14;15;126913
13;14;16;507
13;14;17;95045
13;14;18;31
13;14;19;509
13;14;20;15329
13;14;23;509
13;14;26;131069
13;14;27;65533
13;14;28;131069
13;14;30;64769
13;14;31;209
13;15;11;114673
13;15;13;59
13;15;16;71
13;15;17;419
13;15;18;2603
13;15;28;3569
13;16;10;83
13;16;12;131069
13;16;15;495
13;16;16;31
13;16;19;43689
13;16;20;7139
13;16;22;2729
13;16;24;126913
13;16;25;867
13;16;27;13019
13;16;28;129793
13;16;30;119
13;16;31;114673
13;17;08;2045
13;17;13;32765
13;17;15;32765
13;17;16;1019
13;17;18;5109
13;17;22;251
13;17;26;251
13;18;08;9197
13;18;13;9197
13;18;14;867
13;18;18;10921
13;18;20;42965
13;18;21;3065
13;18;22;65533
13;18;23;65527
13;18;25;8183
13;18;27;26213
13;18;29;114673
13;18;31;10667
13;20;08;49145
13;20;10;26213
13;20;13;31
13;20;15;507
13;20;16;31
13;20;17;2789
13;20;23;43689
13;20;25;18541
13;20;27;65533
13;20;29;10159
13;20;31;42965
13;21;10;32765
13;21;11;3065
13;21;12;131069
13;21;13;65533
13;21;18;2113
13;21;19;114673
13;21;20;65533
13;21;21;15329
13;21;22;15329
13;21;26;65533
13;21;30;125
13;22;10;509
13;22;12;129793
13;22;13;31
13;22;15;3809
13;22;18;329
13;22;20;7139
13;22;21;8189
13;22;22;21589
13;22;24;131069
13;22;25;126913
13;22;27;509
13;22;28;681
13;22;30;85973
13;22;31;64769
13;23;09;867
13;23;10;126913
13;23;12;509
13;23;13;867
13;23;15;26213
13;23;18;1169
13;23;19;114673
13;23;20;1169
13;24;08;126913
13;24;12;407
13;24;13;7
13;24;16;31
13;24;19;61319
13;24;20;1259
13;24;21;49127
13;24;27;16001
13;24;30;39
13;24;31;8189
14;01;08;507
14;01;09;49145
14;01;13;10229
14;01;14;31
14;01;15;49145
14;01;16;15
14;01;24;251
14;01;25;65533
14;01;28;251
14;01;29;61
14;01;31;31
14;02;14;23
14;02;16;15
14;03;10;6509
14;03;12;31
14;03;13;57287
14;03;14;32765
14;03;15;9547
14;03;16;31
14;03;17;24563
14;03;21;7111
14;03;24;9197
14;03;25;126913
14;03;29;507
14;03;31;42965
14;04;10;253
14;04;12;253
14;04;13;3905
14;04;14;15
14;04;18;167
14;04;19;909
14;04;22;253
14;04;26;509
14;04;28;253
14;04;30;23
14;05;08;507
14;05;11;2141
14;05;13;85973
14;05;14;126913
14;05;17;131069
14;05;18;55117
14;05;19;12953
14;05;21;131069
14;05;23;3905
14;05;24;1007
14;05;26;24563
14;05;27;31
14;05;28;909
14;05;29;131069
14;05;31;167
14;06;08;33
14;06;10;123
14;06;14;125
14;06;15;3905
14;06;16;27
14;06;17;1007
14;06;18;509
14;06;20;509
14;06;22;19
14;06;24;509
14;06;26;253
14;06;28;83
14;07;09;16001
14;07;14;31
14;07;19;131069
14;07;20;64769
14;07;22;2045
14;07;25;867
14;07;29;3719
14;07;31;8189
14;08;08;253
14;08;09;114673
14;08;10;125
14;08;12;433
14;08;13;9197
14;08;14;7
14;08;15;32765
14;08;16;15
14;08;17;507
14;08;18;33
14;08;20;125
14;08;21;9547
14;08;23;47
14;08;24;15
14;08;26;119
14;08;27;125
14;08;30;23
14;09;08;126913
14;09;10;15809
14;09;12;16001
14;09;14;251
14;09;15;509
14;09;16;15
14;09;18;251
14;09;19;114673
14;09;21;3471
14;09;23;31
14;09;25;32765
14;09;31;47
14;10;09;1019
14;10;11;65533
14;10;12;433
14;10;14;27
14;10;16;23
14;10;22;59
14;10;24;433
14;11;08;21335
14;11;11;126913
14;11;12;114673
14;11;13;43689
14;11;14;31
14;11;15;223
14;11;16;867
14;11;17;129793
14;11;18;14321
14;11;21;31
14;11;23;71
14;11;28;119
14;11;29;55117
14;11;31;3569
14;12;08;433
14;12;13;10921
14;12;14;125
14;12;20;433
14;12;21;114673
14;12;22;509
14;12;26;125
14;12;28;253
14;12;30;23
14;13;08;61409
14;13;09;61409
14;13;12;7709
14;13;14;251
14;13;15;65533
14;13;16;507
14;13;17;19095
14;13;18;39369
14;13;19;867
14;13;20;61409
14;13;21;16001
14;13;23;3905
14;13;24;114673
14;13;26;49145
14;13;27;114673
14;13;28;49145
14;13;31;59
14;14;08;253
14;14;12;247
14;14;14;17
14;14;16;27
14;14;18;433
14;14;19;43689
14;14;21;126913
14;14;28;433
14;15;11;110669
14;15;15;20469
14;15;17;32765
14;15;21;114673
14;15;22;59
14;15;23;131069
14;15;25;32765
14;15;27;26669
14;15;28;114673
14;15;29;10229
14;16;10;29
14;16;11;909
14;16;13;118109
14;16;14;15
14;16;16;15
14;16;18;59
14;16;19;15329
14;16;21;507
14;16;26;433
14;16;30;23
14;17;11;15329
14;17;13;131069
14;17;15;31
14;17;16;31
14;17;17;129793
14;17;19;14321
14;17;20;42965
14;17;21;43689
14;17;23;55117
14;17;29;3065
14;17;31;47
14;19;08;9197
14;19;10;85973
14;19;13;9197
14;19;14;867
14;19;18;10921
14;19;20;42965
14;19;21;3065
14;19;22;65533
14;19;25;8183
14;19;27;26213
14;19;29;114673
14;19;31;10667
14;20;12;253
14;20;14;433
14;20;17;32765
14;20;20;169
14;20;21;114673
14;20;22;509
14;20;26;253
14;20;30;23
14;21;10;65533
14;21;12;389
14;21;14;31
14;21;16;55
14;21;18;32765
14;21;21;9361
14;21;22;131069
14;21;23;8189
14;21;25;167
14;21;27;32765
14;21;28;5207
14;21;29;2729
14;21;31;339
14;22;10;253
14;22;12;253
14;22;13;32765
14;22;14;209
14;22;16;27
14;22;19;61409
14;22;20;69
14;22;28;29
14;23;08;15329
14;23;09;31
14;23;10;6551
14;23;12;15809
14;23;13;65533
14;23;14;867
14;23;16;55
14;23;20;125
14;23;23;1259
14;23;24;61319
14;23;26;114673
14;23;27;13019
14;23;29;14321
14;24;08;15
14;24;12;509
14;24;13;9197
14;24;14;7
14;24;16;15
14;24;19;28657
14;24;22;509
14;24;25;47
14;24;26;119
14;24;28;253
14;24;30;23
15;01;15;47
15;01;16;31
15;01;17;1
15;02;11;7811
15;02;13;65533
15;02;15;31
15;02;16;31
15;02;17;1167
15;02;21;10229
15;02;25;509
15;02;27;131069
15;02;29;65533
15;02;30;32765
15;02;31;47
15;03;11;8737
15;03;14;114673
15;03;15;126913
15;03;16;507
15;03;18;129793
15;03;20;2113
15;03;22;65533
15;03;26;10667
15;03;27;32765
15;03;28;4091
15;03;29;14321
15;03;30;126913
15;04;08;59
15;04;09;32765
15;04;10;533
15;04;12;114673
15;04;19;507
15;04;20;509
15;04;21;126913
15;04;22;49145
15;04;24;119
15;04;25;65533
15;04;27;2669
15;04;28;251
15;04;31;47
15;05;09;1859
15;05;11;39
15;05;15;867
15;05;18;3569
15;05;19;867
15;05;20;65533
15;05;23;495
15;05;27;1019
15;05;28;64769
15;06;08;42965
15;06;09;24563
15;06;10;32765
15;06;15;31
15;06;16;55
15;06;19;95045
15;06;20;65533
15;06;21;131069
15;06;22;131069
15;06;23;8175
15;06;25;2031
15;06;28;126913
15;06;29;8737
15;06;31;47
15;07;10;16379
15;07;13;32765
15;07;14;131069
15;07;15;114673
15;07;18;57315
15;07;19;9361
15;07;21;26213
15;07;22;114673
15;07;24;32765
15;07;25;3569
15;07;27;63363
15;07;30;2479
15;08;08;9361
15;08;09;55117
15;08;11;114673
15;08;13;131069
15;08;16;31
15;08;17;114673
15;08;19;5455
15;08;20;31
15;08;22;131069
15;08;24;31
15;08;25;909
15;08;28;31
15;08;29;1007
15;08;31;47
15;09;10;114673
15;09;13;55
15;09;14;3065
15;09;15;55
15;09;16;47
15;09;23;119
15;09;24;31
15;10;08;118109
15;10;09;867
15;10;12;131069
15;10;13;12953
15;10;15;31
15;10;16;47
15;10;18;3275
15;10;19;21335
15;10;21;131069
15;10;22;126913
15;10;25;2045
15;10;26;126913
15;10;29;85973
15;10;30;114673
15;10;31;47
15;11;08;65533
15;11;09;9197
15;11;14;461
15;11;15;9197
15;11;18;8189
15;11;21;8189
15;11;22;43689
15;11;23;305
15;11;26;24563
15;11;27;57315
15;11;29;1021
15;11;30;26213
15;12;08;8189
15;12;10;251
15;12;15;15
15;12;16;47
15;12;17;12953
15;12;20;31
15;12;22;126913
15;12;24;59
15;12;25;10709
15;12;27;1019
15;12;28;251
15;12;29;15809
15;12;30;9361
15;12;31;47
15;13;09;110669
15;13;10;2043
15;13;12;1259
15;13;13;10229
15;13;15;1019
15;13;16;71
15;13;17;65533
15;13;18;14321
15;13;19;167
15;13;28;867
15;14;09;14321
15;14;10;131069
15;14;11;24563
15;14;12;909
15;14;15;31
15;14;18;8189
15;14;19;126913
15;14;21;126913
15;14;22;131069
15;14;23;1019
15;14;24;9361
15;14;25;14321
15;14;27;9197
15;14;29;433
15;14;30;43689
15;14;31;47
15;15;10;43689
15;15;11;209
15;15;15;33
15;15;16;59
15;15;17;114673
15;15;26;15329
15;16;09;114673
15;16;10;129793
15;16;15;31
15;16;16;31
15;16;25;32765
15;16;27;867
15;16;29;126913
15;16;31;47
15;18;10;2603
15;18;11;15329
15;18;13;131069
15;18;15;31
15;18;16;31
15;18;17;129793
15;18;19;14321
15;18;20;42965
15;18;21;43689
15;18;22;1523
15;18;29;3065
15;18;31;47
15;19;08;2045
15;19;13;32765
15;19;15;32765
15;19;16;1019
15;19;18;5109
15;19;22;251
15;19;26;251
15;19;30;28559
15;20;09;95045
15;20;10;55117
15;20;11;131069
15;20;12;126913
15;20;15;15
15;20;16;31
15;20;18;503
15;20;21;8189
15;20;23;9197
15;20;24;125
15;20;27;629
15;20;29;114673
15;20;30;509
15;20;31;47
15;21;10;114673
15;21;11;507
15;21;12;129793
15;21;15;419
15;21;18;42965
15;21;20;3161
15;21;28;131069
15;22;10;65533
15;22;12;131069
15;22;13;32765
15;22;14;14321
15;22;15;31
15;22;16;119
15;22;17;20469
15;22;18;126913
15;22;19;49145
15;22;23;761
15;22;24;126913
15;22;25;8189
15;22;27;65533
15;22;29;5109
15;22;30;65533
15;22;31;47
15;23;09;65533
15;23;10;2043
15;23;15;65533
15;23;16;867
15;23;18;114673
15;23;22;9051
15;23;23;3905
15;23;26;129793
15;23;27;1637
15;23;28;114673
15;23;29;65533
15;23;30;131069
15;24;08;31
15;24;09;2045
15;24;10;55117
15;24;11;3161
15;24;14;131069
15;24;16;31
15;24;18;42965
15;24;19;8189
15;24;23;26213
15;24;25;32765
15;24;26;42965
15;24;28;31
15;24;29;1007
15;24;30;9361
15;24;31;47
16;01;11;5109
16;01;14;3
16;01;15;61
16;01;16;31
16;01;17;114673
16;01;18;47
16;01;19;509
16;01;23;119
16;01;25;114673
16;01;26;119
16;01;27;251
16;01;29;509
16;01;30;31
16;01;31;31
16;02;09;39
16;02;11;119
16;02;12;3
16;02;15;31
16;02;16;15
16;02;21;31
16;02;22;59
16;02;26;125
16;02;28;15
16;02;30;15
16;03;09;65527
16;03;11;21589
16;03;12;3065
16;03;14;65533
16;03;15;64769
16;03;16;31
16;03;17;43689
16;03;19;713
16;03;21;39
16;03;22;39
16;03;23;114673
16;03;24;126913
16;03;25;509
16;03;26;15
16;03;28;119
16;03;29;31
16;03;31;32765
16;04;08;7
16;04;09;125
16;04;10;253
16;04;11;12263
16;04;12;13
16;04;14;59
16;04;16;7
16;04;18;15
16;04;20;29
16;04;24;7
16;04;28;7
16;05;09;1301
16;05;16;31
16;05;17;509
16;05;18;19529
16;05;20;129793
16;05;21;114673
16;05;22;7
16;05;24;126913
16;05;25;131069
16;05;26;119
16;05;27;31
16;05;28;131069
16;05;29;114673
16;05;31;867
16;06;08;185
16;06;11;14321
16;06;13;509
16;06;15;1007
16;06;16;15
16;06;19;867
16;06;20;7
16;06;22;83
16;06;23;47
16;06;24;433
16;06;26;15
16;06;28;23
16;06;30;433
16;07;10;49145
16;07;11;126913
16;07;16;31
16;07;17;126913
16;07;18;7
16;07;20;32765
16;07;21;114673
16;07;23;95045
16;07;24;119
16;07;25;7
16;07;26;8189
16;07;28;867
16;07;29;867
16;07;30;39
16;07;31;32765
16;08;09;31
16;08;10;15
16;08;11;31
16;08;12;7
16;08;13;31
16;08;14;15
16;08;15;31
16;08;16;3
16;08;24;3
16;09;09;1313
16;09;10;21079
16;09;13;3809
16;09;14;7
16;09;16;31
16;09;17;8679
16;09;19;131069
16;09;20;32765
16;09;25;21843
16;09;27;867
16;09;28;867
16;09;30;31
16;09;31;39
16;10;09;15
16;10;10;69
16;10;12;15
16;10;15;119
16;10;16;15
16;10;22;7
16;10;23;129793
16;10;24;433
16;10;25;503
16;10;27;867
16;10;30;19
16;11;09;2189
16;11;12;63239
16;11;13;131069
16;11;14;65533
16;11;16;31
16;11;21;7
16;11;22;65533
16;11;23;15329
16;11;24;126913
16;11;25;61409
16;11;27;114673
16;11;28;119
16;11;29;119
16;11;30;119
16;11;31;509
16;12;10;59
16;12;11;125
16;12;13;10229
16;12;14;23
16;12;16;7
16;12;19;125
16;12;20;7
16;12;22;15
16;12;28;29
16;13;10;26213
16;13;12;16001
16;13;13;129793
16;13;16;31
16;13;21;16001
16;13;22;31
16;13;23;114673
16;13;24;126913
16;13;25;43689
16;13;27;2729
16;13;28;131069
16;13;30;47
16;13;31;251
16;14;10;19
16;14;12;119
16;14;16;15
16;14;18;15
16;14;21;867
16;14;23;119
16;14;26;59
16;14;30;433
16;15;09;39
16;15;10;1007
16;15;11;16001
16;15;14;6551
16;15;16;31
16;15;17;31
16;15;21;8183
16;15;25;119
16;15;27;32765
16;15;29;867
16;15;31;126913
16;17;09;114673
16;17;10;129793
16;17;15;31
16;17;16;31
16;17;25;32765
16;17;27;867
16;17;29;126913
16;17;31;47
16;18;10;29
16;18;11;909
16;18;13;118109
16;18;14;15
16;18;16;15
16;18;18;59
16;18;19;15329
16;18;21;507
16;18;26;433
16;18;30;23
16;19;10;83
16;19;12;131069
16;19;13;15
16;19;15;495
16;19;16;31
16;19;19;43689
16;19;20;7139
16;19;22;2729
16;19;24;126913
16;19;25;867
16;19;27;13019
16;19;28;129793
16;19;30;119
16;19;31;114673
16;20;10;59
16;20;12;7
16;20;13;2669
16;20;16;7
16;20;19;47
16;20;28;11
16;21;10;21589
16;21;11;7
16;21;12;167
16;21;14;4759
16;21;15;65533
16;21;16;31
16;21;17;15809
16;21;18;65533
16;21;19;114673
16;21;23;131069
16;21;24;126913
16;21;25;131069
16;21;26;129793
16;21;27;114673
16;21;28;119
16;21;29;32765
16;21;30;47
16;21;31;35
16;22;10;7
16;22;11;65533
16;22;12;29
16;22;16;15
16;22;17;119
16;22;19;867
16;22;20;15
16;22;22;509
16;22;24;433
16;22;25;129793
16;22;27;119
16;22;28;23
16;22;30;125
16;23;08;32765
16;23;09;7
16;23;11;761
16;23;15;32759
16;23;16;31
16;23;18;7
16;23;19;509
16;23;20;32765
16;23;22;39369
16;23;23;5109
16;23;25;47
16;23;27;32765
16;23;28;867
16;23;30;39
16;23;31;114673
16;24;08;3
16;24;10;59
16;24;16;3
16;24;24;5
17;01;12;10921
17;01;13;8737
17;01;16;251
17;01;17;9197
17;01;22;2729
17;01;26;31681
17;01;27;114673
17;01;28;203
17;01;29;65533
17;01;30;8189
17;02;09;49127
17;02;10;114673
17;02;11;65533
17;02;12;114673
17;02;14;32765
17;02;16;119
17;02;17;114673
17;02;18;509
17;02;20;10229
17;02;23;419
17;02;26;9197
17;02;27;26669
17;02;28;167
17;02;29;3809
17;02;30;21589
17;03;08;131069
17;03;09;339
17;03;11;24527
17;03;12;8189
17;03;14;129793
17;03;15;123
17;03;17;867
17;03;18;131069
17;03;20;13577
17;03;21;35
17;03;24;131069
17;03;28;867
17;04;08;7619
17;04;09;629
17;04;12;43689
17;04;14;114673
17;04;17;15
17;04;18;114673
17;04;19;509
17;04;20;32765
17;04;22;867
17;04;23;126913
17;04;24;8189
17;04;27;131069
17;04;28;251
17;05;09;19095
17;05;10;95045
17;05;12;9197
17;05;14;2569
17;05;15;43689
17;05;16;251
17;05;17;126913
17;05;20;9197
17;05;21;114673
17;05;22;55117
17;05;23;10709
17;05;24;10667
17;05;28;2569
17;05;30;21589
17;06;09;65527
17;06;10;5459
17;06;12;42965
17;06;13;7811
17;06;14;16379
17;06;16;23
17;06;17;31
17;06;18;13019
17;06;19;65533
17;06;21;110669
17;06;22;119
17;06;24;10229
17;06;25;761
17;06;26;131069
17;06;27;8189
17;06;28;2189
17;06;30;126913
17;07;17;39
17;07;24;32765
17;08;08;9361
17;08;10;8679
17;08;15;4091
17;08;16;31
17;08;17;7
17;08;20;126913
17;08;23;14321
17;08;24;31
17;08;25;65533
17;08;27;114673
17;08;28;7
17;08;31;114673
17;09;08;9197
17;09;10;7139
17;09;11;7709
17;09;12;2729
17;09;15;4087
17;09;16;867
17;09;17;2183
17;09;18;169
17;09;20;889
17;09;23;8189
17;09;24;114673
17;09;25;65533
17;09;26;761
17;09;29;61409
17;09;30;2113
17;10;08;114673
17;10;09;24563
17;10;10;3905
17;10;11;114673
17;10;12;433
17;10;16;119
17;10;17;509
17;10;18;1169
17;10;20;129793
17;10;22;32765
17;10;23;42965
17;10;24;6509
17;10;25;681
17;10;26;114673
17;10;30;929
17;11;11;16001
17;11;12;85973
17;11;15;16375
17;11;17;371
17;11;20;15329
17;11;21;167
17;11;22;8737
17;11;28;65533
17;12;08;125
17;12;13;419
17;12;15;131069
17;12;16;31
17;12;17;1007
17;12;20;31
17;12;22;131069
17;12;24;119
17;12;25;114673
17;12;27;251
17;12;28;114673
17;12;29;43689
17;12;31;119
17;13;08;16001
17;13;10;65533
17;13;11;32765
17;13;14;509
17;13;16;1019
17;13;17;32759
17;13;18;131069
17;13;19;26213
17;13;22;19529
17;13;30;126913
17;14;08;507
17;14;09;509
17;14;14;64007
17;14;15;61409
17;14;16;31
17;14;17;32765
17;14;18;43689
17;14;19;2729
17;14;21;15329
17;14;22;110669
17;14;23;761
17;14;24;251
17;14;25;16001
17;14;27;43689
17;14;31;65533
17;16;09;39
17;16;10;1007
17;16;11;16001
17;16;14;6551
17;16;16;31
17;16;17;31
17;16;21;8183
17;16;25;119
17;16;27;32765
17;16;29;867
17;16;31;126913
17;17;10;43689
17;17;11;209
17;17;15;33
17;17;16;59
17;17;17;114673
17;17;20;2519
17;17;26;15329
17;17;30;2519
17;18;11;110669
17;18;15;20469
17;18;17;32765
17;18;21;114673
17;18;22;59
17;18;23;131069
17;18;27;26669
17;18;28;114673
17;18;29;10229
17;19;11;114673
17;19;13;59
17;19;17;419
17;19;18;2603
17;19;28;3569
17;20;10;761
17;20;12;509
17;20;13;4087
17;20;15;126913
17;20;16;47
17;20;17;15
17;20;18;4317
17;20;23;26039
17;20;24;8189
17;20;26;114673
17;20;27;3471
17;20;29;8737
17;20;30;8189
17;20;31;65531
17;21;08;131069
17;21;10;509
17;21;11;65533
17;21;12;509
17;21;17;126913
17;21;18;85973
17;21;19;4317
17;21;20;131069
17;21;21;8189
17;21;22;65533
17;21;23;64769
17;21;24;49145
17;21;25;16001
17;21;26;479
17;21;29;131069
17;21;30;2789
17;22;08;15329
17;22;09;129793
17;22;10;9197
17;22;12;2729
17;22;14;2169
17;22;16;47
17;22;17;31
17;22;20;1859
17;22;21;85973
17;22;22;16001
17;22;24;129793
17;22;25;65527
17;22;27;4773
17;22;28;65533
17;22;31;26669
17;23;09;55
17;23;10;681
17;23;11;131069
17;23;16;47
17;23;17;119
17;23;24;3161
17;24;08;31
17;24;09;42965
17;24;15;118109
17;24;16;31
17;24;22;43689
17;24;23;131069
17;24;25;867
17;24;26;1091
17;24;28;15
17;24;30;8189
17;24;31;114673
18;01;10;1019
18;01;11;867
18;01;12;15
18;01;13;114673
18;01;17;42965
18;01;18;31
18;01;20;203
18;01;21;32765
18;01;24;119
18;01;27;32765
18;01;28;31
18;01;30;867
18;01;31;31
18;02;08;19
18;02;10;169
18;02;12;247
18;02;16;15
18;02;18;209
18;02;19;63363
18;02;22;27
18;02;24;27
18;02;26;169
18;02;28;509
18;03;10;131069
18;03;13;509
18;03;15;1019
18;03;16;31
18;03;18;10921
18;03;19;2603
18;03;21;2729
18;03;24;65533
18;03;28;42965
18;03;29;126913
18;03;31;185
18;04;12;433
18;04;13;1859
18;04;16;23
18;04;17;125
18;04;18;433
18;04;19;65533
18;04;21;3065
18;04;22;19
18;04;24;59
18;04;25;126913
18;04;27;114673
18;04;28;125
18;04;30;509
18;05;08;131069
18;05;10;239
18;05;11;43689
18;05;12;64769
18;05;13;131069
18;05;18;65533
18;05;19;8189
18;05;20;389
18;05;21;8737
18;05;22;2729
18;05;23;8189
18;05;25;14321
18;05;26;509
18;05;27;507
18;05;28;32765
18;05;31;1019
18;06;08;27
18;06;18;19
18;06;24;15
18;07;08;1019
18;07;09;43689
18;07;12;8175
18;07;14;169
18;07;15;131069
18;07;16;15
18;07;18;507
18;07;21;49145
18;07;22;2729
18;07;25;31
18;07;27;110669
18;07;28;15809
18;07;29;126913
18;07;31;8189
18;08;08;253
18;08;09;31
18;08;11;126913
18;08;12;119
18;08;13;167
18;08;16;15
18;08;17;119
18;08;18;7
18;08;24;15
18;08;26;59
18;08;27;129793
18;08;30;509
18;09;08;21843
18;09;12;31
18;09;13;26039
18;09;16;55
18;09;17;3471
18;09;18;119
18;09;20;9361
18;09;22;126913
18;09;23;867
18;09;24;47243
18;09;25;14321
18;09;26;9197
18;09;27;32759
18;09;28;129793
18;09;30;126913
18;09;31;47
18;10;08;253
18;10;12;59
18;10;13;65533
18;10;15;126913
18;10;16;27
18;10;21;9143
18;10;22;101
18;10;23;131069
18;10;28;125
18;11;08;131069
18;11;09;36889
18;11;10;3905
18;11;16;55
18;11;18;867
18;11;21;32765
18;11;25;507
18;11;27;43689
18;11;29;125
18;11;30;131069
18;11;31;126913
18;12;08;27
18;12;10;509
18;12;12;69
18;12;13;114673
18;12;18;433
18;12;20;83
18;12;21;26213
18;12;23;3065
18;12;24;59
18;12;26;253
18;12;30;83
18;13;08;7139
18;13;10;131069
18;13;11;32765
18;13;12;18541
18;13;13;4079
18;13;18;169
18;13;19;9197
18;13;21;131069
18;13;22;2113
18;13;23;55117
18;13;27;65533
18;13;29;9197
18;13;31;867
18;15;08;507
18;15;09;509
18;15;10;929
18;15;15;61409
18;15;16;31
18;15;17;32765
18;15;18;43689
18;15;19;2729
18;15;21;15329
18;15;22;110669
18;15;24;251
18;15;25;16001
18;15;27;43689
18;15;31;65533
18;16;10;19
18;16;12;119
18;16;16;15
18;16;18;15
18;16;21;867
18;16;23;119
18;16;26;59
18;16;30;433
18;17;10;131069
18;17;11;24563
18;17;12;909
18;17;15;31
18;17;18;8189
18;17;19;126913
18;17;21;126913
18;17;22;131069
18;17;23;1019
18;17;24;9361
18;17;25;14321
18;17;27;9197
18;17;29;433
18;17;30;43689
18;17;31;47
18;18;08;253
18;18;13;4091
18;18;14;17
18;18;16;27
18;18;18;433
18;18;19;43689
18;18;21;126913
18;18;28;433
18;19;11;2729
18;19;13;65533
18;19;14;65531
18;19;15;126913
18;19;16;507
18;19;17;95045
18;19;18;31
18;19;19;509
18;19;20;15329
18;19;23;509
18;19;26;131069
18;19;27;65533
18;19;28;131069
18;19;30;64769
18;19;31;209
18;20;12;209
18;20;13;6137
18;20;18;15
18;20;19;2043
18;20;21;129793
18;20;22;19
18;20;24;433
18;20;26;253
18;20;27;14321
18;20;30;509
18;21;11;251
18;21;14;114673
18;21;16;867
18;21;17;15329
18;21;18;31
18;21;20;10229
18;21;22;32765
18;21;25;1169
18;21;27;167
18;21;28;43689
18;21;29;8189
18;21;31;507
18;22;09;9361
18;22;10;27
18;22;11;10667
18;22;12;169
18;22;16;23
18;22;18;59
18;22;24;433
18;23;09;31
18;23;12;43689
18;23;13;5207
18;23;14;761
18;23;15;64769
18;23;16;15
18;23;18;31
18;23;20;126913
18;23;23;5207
18;23;24;8189
18;23;26;2729
18;23;27;32765
18;23;28;339
18;23;31;419
18;24;08;15
18;24;09;49145
18;24;10;41
18;24;16;15
18;24;19;3905
18;24;20;253
18;24;21;131069
18;24;22;169
18;24;23;1007
18;24;25;507
18;24;27;1169
18;24;28;59
18;24;30;509
19;01;08;43689
19;01;11;83
19;01;12;3569
19;01;17;43689
19;01;18;32765
19;01;19;419
19;01;20;63363
19;01;23;47
19;01;27;111
19;01;28;507
19;02;08;131069
19;02;09;42965
19;02;11;26213
19;02;14;28657
19;02;16;507
19;02;17;28643
19;02;18;8189
19;02;19;31
19;02;20;43689
19;02;22;118109
19;02;24;131069
19;02;26;114673
19;02;28;3065
19;02;30;3065
19;02;31;59
19;03;08;8189
19;03;10;65533
19;03;11;2031
19;03;14;131069
19;03;18;10229
19;03;19;5333
19;03;20;9197
19;03;22;12263
19;03;23;15809
19;03;24;6131
19;03;25;43689
19;03;26;118109
19;03;29;24563
19;03;30;95045
19;04;11;7709
19;04;12;185
19;04;14;15809
19;04;15;8183
19;04;19;126913
19;04;23;4317
19;04;24;239
19;04;27;15239
19;04;28;10229
19;04;29;42965
19;04;31;507
19;05;08;419
19;05;19;55
19;05;24;31
19;06;08;16379
19;06;09;509
19;06;10;65533
19;06;15;126913
19;06;16;1019
19;06;17;95045
19;06;19;126913
19;06;21;4091
19;06;22;169
19;06;24;114673
19;06;26;65533
19;06;27;131069
19;06;29;65533
19;06;30;9547
19;06;31;867
19;07;09;21843
19;07;10;389
19;07;12;126913
19;07;16;867
19;07;18;339
19;07;19;65533
19;07;22;131069
19;07;24;14321
19;07;25;65533
19;07;27;85973
19;07;30;713
19;08;12;5109
19;08;13;13577
19;08;14;503
19;08;16;31
19;08;17;7619
19;08;18;1019
19;08;19;15
19;08;24;126913
19;08;26;125
19;08;28;509
19;08;29;131069
19;08;31;251
19;09;09;131069
19;09;12;7811
19;09;13;65527
19;09;18;503
19;09;19;47
19;09;20;9197
19;09;22;114673
19;09;23;1019
19;09;28;1859
19;10;08;7139
19;10;10;2729
19;10;11;8189
19;10;14;119
19;10;15;64769
19;10;19;126913
19;10;21;12953
19;10;22;126913
19;10;23;20469
19;10;24;26213
19;10;27;761
19;10;28;181
19;10;30;131069
19;10;31;59
19;11;11;839
19;11;13;1487
19;11;19;15809
19;11;21;18541
19;11;22;43689
19;11;24;10229
19;11;25;114673
19;11;26;15329
19;11;30;909
19;12;08;131069
19;12;16;31
19;12;17;32765
19;12;19;114673
19;12;20;61409
19;12;22;114673
19;12;23;131069
19;12;27;9547
19;12;29;43689
19;12;31;507
19;14;08;7139
19;14;10;131069
19;14;11;32765
19;14;12;18541
19;14;13;4079
19;14;18;169
19;14;19;9197
19;14;21;131069
19;14;22;2113
19;14;23;55117
19;14;24;2043
19;14;27;65533
19;14;29;9197
19;14;31;867
19;15;08;16001
19;15;10;65533
19;15;11;32765
19;15;14;509
19;15;16;1019
19;15;17;32759
19;15;18;131069
19;15;19;26213
19;15;22;19529
19;15;26;85973
19;15;30;126913
19;16;10;26213
19;16;12;16001
19;16;13;129793
19;16;14;2031
19;16;16;31
19;16;19;15
19;16;21;16001
19;16;22;31
19;16;23;114673
19;16;24;126913
19;16;25;43689
19;16;27;2729
19;16;28;131069
19;16;30;47
19;16;31;251
19;17;10;2043
19;17;12;1259
19;17;13;10229
19;17;15;1019
19;17;18;14321
19;17;19;167
19;17;28;867
19;18;08;61409
19;18;09;61409
19;18;12;7709
19;18;14;251
19;18;15;65533
19;18;16;507
19;18;18;39369
19;18;19;867
19;18;20;61409
19;18;21;16001
19;18;23;3905
19;18;24;114673
19;18;26;49145
19;18;27;114673
19;18;28;49145
19;18;29;6131
19;18;31;59
19;19;10;761
19;19;12;16001
19;19;13;114673
19;19;16;83
19;19;18;129793
19;19;19;126913
19;19;20;503
19;19;25;114673
19;19;30;507
19;20;08;126913
19;20;09;129793
19;20;10;55117
19;20;13;2603
19;20;19;31
19;20;22;761
19;20;23;57287
19;20;26;59
19;20;27;32759
19;20;29;8189
19;20;30;659
19;20;31;507
19;21;11;55
19;21;16;47
19;21;19;119
19;21;24;32765
19;22;10;114673
19;22;12;131069
19;22;13;509
19;22;14;24563
19;22;15;12953
19;22;17;26213
19;22;18;2729
19;22;21;16379
19;22;24;14321
19;22;25;131069
19;22;27;12263
19;22;28;131069
19;22;29;49145
19;22;31;867
19;23;08;65533
19;23;09;126913
19;23;10;125
19;23;16;503
19;23;19;114673
19;23;21;114673
19;23;22;10709
19;23;23;65527
19;23;24;118109
19;23;26;42965
19;23;29;761
19;23;30;65533
19;24;08;126913
19;24;09;39369
19;24;10;61409
19;24;11;131069
19;24;14;31
19;24;15;131069
19;24;18;251
19;24;19;7
19;24;20;126913
19;24;21;31495
19;24;26;1021
19;24;29;131069
19;24;30;31
19;24;31;251
20;01;09;1019
20;01;10;167
20;01;12;23
20;01;14;31
20;01;15;8189
20;01;16;15
20;01;20;31
20;01;21;65533
20;01;22;867
20;01;23;3569
20;01;24;55
20;01;26;251
20;01;28;31
20;01;30;47
20;01;31;31
20;02;11;131069
20;02;12;59
20;02;13;43689
20;02;15;126913
20;02;18;119
20;02;19;65533
20;02;20;15
20;02;24;15
20;02;26;433
20;02;30;15
20;03;09;129793
20;03;12;507
20;03;15;15
20;03;20;867
20;03;22;10229
20;03;24;119
20;03;25;65533
20;03;26;1859
20;03;27;43689
20;03;28;509
20;03;29;251
20;03;30;3569
20;03;31;129793
20;04;08;13
20;04;20;13
20;04;24;29
20;05;08;43689
20;05;11;65533
20;05;15;114673
20;05;16;251
20;05;17;26213
20;05;18;167
20;05;20;126913
20;05;23;629
20;05;24;131069
20;05;27;32765
20;05;31;1019
20;06;08;433
20;06;10;185
20;06;11;10229
20;06;12;433
20;06;13;20459
20;06;15;65533
20;06;16;15
20;06;17;47
20;06;19;119
20;06;20;433
20;06;26;15
20;06;28;253
20;06;30;111
20;07;08;867
20;07;09;65533
20;07;10;9197
20;07;12;507
20;07;14;26039
20;07;15;114673
20;07;16;119
20;07;18;1189
20;07;19;65527
20;07;25;31
20;07;27;2729
20;07;28;129793
20;07;29;65533
20;07;30;2729
20;07;31;61409
20;08;08;13
20;08;10;15
20;08;11;31
20;08;13;31
20;08;14;15
20;08;15;31
20;08;16;7
20;08;19;509
20;08;20;29
20;08;24;29
20;08;28;13
20;09;08;509
20;09;09;42965
20;09;12;5207
20;09;13;3047
20;09;16;31
20;09;19;32765
20;09;20;65533
20;09;21;131069
20;09;23;31
20;09;24;8737
20;09;25;8189
20;09;27;6131
20;09;28;1679
20;09;29;31
20;09;31;39
20;10;08;15
20;10;11;419
20;10;12;209
20;10;14;29
20;10;16;23
20;10;17;2729
20;10;18;83
20;10;20;59
20;10;22;59
20;10;23;2519
20;10;24;433
20;10;25;15329
20;10;26;125
20;10;30;23
20;11;13;9197
20;11;16;31
20;11;20;1189
20;11;21;31
20;11;22;65533
20;11;27;2569
20;11;29;125
20;11;31;125
20;13;08;131069
20;13;16;31
20;13;17;32765
20;13;19;114673
20;13;20;61409
20;13;22;114673
20;13;23;131069
20;13;27;9547
20;13;29;43689
20;13;31;507
20;14;08;27
20;14;10;509
20;14;12;69
20;14;13;114673
20;14;18;433
20;14;20;83
20;14;21;26213
20;14;23;3065
20;14;24;59
20;14;26;253
20;14;30;83
20;15;08;125
20;15;10;57315
20;15;13;419
20;15;15;131069
20;15;16;31
20;15;17;1007
20;15;20;31
20;15;22;131069
20;15;24;119
20;15;25;114673
20;15;28;114673
20;15;29;43689
20;15;31;119
20;16;10;59
20;16;11;125
20;16;13;10229
20;16;14;23
20;16;16;7
20;16;19;125
20;16;20;7
20;16;22;15
20;16;28;29
20;17;08;8189
20;17;10;251
20;17;15;15
20;17;16;47
20;17;17;12953
20;17;20;31
20;17;21;7811
20;17;22;126913
20;17;23;65531
20;17;24;59
20;17;25;10709
20;17;27;1019
20;17;28;251
20;17;29;15809
20;17;30;9361
20;17;31;47
20;18;08;433
20;18;13;10921
20;18;14;125
20;18;20;433
20;18;21;114673
20;18;22;509
20;18;25;49145
20;18;26;125
20;18;28;253
20;18;30;23
20;19;09;59
20;19;11;16001
20;19;13;31
20;19;14;64769
20;19;17;3809
20;19;20;126913
20;19;22;9361
20;19;23;114673
20;19;24;239
20;19;27;61409
20;19;28;129793
20;19;30;9361
20;19;31;479
20;20;11;2519
20;20;12;9
20;20;13;126913
20;20;16;11
20;20;20;29
20;20;24;7
20;21;10;1259
20;21;11;114673
20;21;13;125
20;21;14;503
20;21;16;251
20;21;18;239
20;21;19;9197
20;21;20;31
20;21;21;32765
20;21;23;131069
20;21;25;31495
20;21;26;2113
20;21;27;2039
20;21;28;114673
20;21;30;32759
20;21;31;867
20;22;09;2729
20;22;10;15
20;22;11;3905
20;22;16;15
20;22;17;31
20;22;19;126913
20;22;20;15
20;22;22;433
20;22;23;42965
20;22;24;433
20;22;25;3569
20;22;26;101
20;22;30;29
20;23;09;31
20;23;11;8189
20;23;12;47
20;23;13;7619
20;23;14;3275
20;23;15;1007
20;23;16;507
20;23;18;1487
20;23;19;9361
20;23;20;31
20;23;21;26213
20;23;26;53339
20;23;30;2729
20;23;31;65533
20;24;08;29
20;24;10;59
20;24;11;3065
20;24;12;29
20;24;13;2043
20;24;16;7
20;24;18;253
20;24;19;509
20;24;20;7
20;24;22;125
20;24;28;13
21;01;14;65533
21;01;19;509
21;01;21;65533
21;01;22;126913
21;01;25;6095
21;01;26;118109
21;01;30;43689
21;02;09;8189
21;02;10;2045
21;02;11;2729
21;02;13;28657
21;02;14;16381
21;02;16;55
21;02;17;126913
21;02;21;126913
21;02;23;629
21;02;26;10229
21;02;27;126913
21;02;30;15809
21;02;31;3569
21;03;08;419
21;03;21;39
21;03;24;31
21;04;08;169
21;04;09;32765
21;04;16;15
21;04;17;131069
21;04;18;32759
21;04;19;129793
21;04;21;31
21;04;24;65533
21;04;25;419
21;04;28;28657
21;04;29;32765
21;04;31;65533
21;05;08;95045
21;05;09;16381
21;05;11;131069
21;05;13;909
21;05;14;131069
21;05;18;63363
21;05;20;49145
21;05;21;209
21;05;24;14321
21;05;27;95045
21;05;28;19529
21;05;29;15809
21;05;30;15329
21;06;08;509
21;06;10;126913
21;06;11;1019
21;06;12;32765
21;06;14;509
21;06;15;28643
21;06;16;119
21;06;18;2339
21;06;20;85973
21;06;21;21843
21;06;22;114673
21;06;26;509
21;06;27;4087
21;06;28;49145
21;06;30;2045
21;06;31;61
21;07;08;6131
21;07;14;42965
21;07;15;131069
21;07;16;47
21;07;18;9361
21;07;21;507
21;07;22;49145
21;07;24;65533
21;07;25;67
21;07;28;507
21;08;08;7139
21;08;09;65533
21;08;10;1259
21;08;12;15
21;08;13;495
21;08;14;39
21;08;17;26669
21;08;18;1007
21;08;21;114673
21;08;24;21843
21;08;25;118109
21;08;26;65533
21;08;27;126913
21;08;29;3809
21;08;30;39
21;08;31;9361
21;09;09;61409
21;09;10;32759
21;09;13;114673
21;09;14;761
21;09;16;495
21;09;18;8189
21;09;21;32765
21;09;22;3047
21;09;23;3065
21;09;24;43689
21;09;26;1019
21;09;30;239
21;10;08;43689
21;10;09;43689
21;10;12;65533
21;10;13;209
21;10;14;15329
21;10;16;47
21;10;17;7619
21;10;21;101
21;10;22;681
21;10;24;16001
21;10;25;114673
21;10;26;126913
21;10;27;389
21;10;31;39369
21;12;08;49145
21;12;13;9197
21;12;16;31
21;12;19;65531
21;12;20;1189
21;12;21;31
21;12;22;65533
21;12;27;2569
21;12;29;125
21;12;31;125
21;13;11;839
21;13;13;1487
21;13;19;15809
21;13;21;18541
21;13;22;43689
21;13;24;10229
21;13;25;114673
21;13;26;15329
21;13;30;909
21;14;08;131069
21;14;09;36889
21;14;10;3905
21;14;14;251
21;14;16;55
21;14;18;867
21;14;21;32765
21;14;25;507
21;14;27;43689
21;14;29;125
21;14;30;131069
21;14;31;126913
21;15;11;16001
21;15;12;85973
21;15;15;16375
21;15;17;371
21;15;20;15329
21;15;21;167
21;15;22;8737
21;15;28;65533
21;16;09;2189
21;16;13;131069
21;16;14;65533
21;16;16;31
21;16;17;16379
21;16;21;7
21;16;22;65533
21;16;23;15329
21;16;24;126913
21;16;25;61409
21;16;26;15
21;16;27;114673
21;16;28;119
21;16;29;119
21;16;30;119
21;16;31;509
21;17;08;65533
21;17;09;9197
21;17;14;461
21;17;15;9197
21;17;18;8189
21;17;21;8189
21;17;22;43689
21;17;23;305
21;17;27;57315
21;17;28;659
21;17;29;1021
21;17;30;26213
21;18;08;21335
21;18;11;126913
21;18;12;114673
21;18;13;43689
21;18;14;31
21;18;15;223
21;18;16;867
21;18;17;129793
21;18;18;14321
21;18;21;31
21;18;23;71
21;18;25;7811
21;18;28;119
21;18;29;55117
21;18;31;3569
21;19;10;9361
21;19;12;65533
21;19;13;55
21;19;14;16001
21;19;16;47
21;19;21;47
21;19;24;32765
21;20;09;85973
21;20;12;867
21;20;13;18541
21;20;14;119
21;20;16;251
21;20;17;32765
21;20;19;126913
21;20;21;31
21;20;23;114673
21;20;26;131069
21;20;30;509
21;20;31;65533
21;21;08;65533
21;21;10;129793
21;21;11;32765
21;21;12;629
21;21;16;867
21;21;18;8189
21;21;20;126913
21;21;21;509
21;21;22;14321
21;21;23;1301
21;21;30;251
21;22;08;118109
21;22;09;65533
21;22;10;32765
21;22;12;9197
21;22;13;9361
21;22;16;31
21;22;17;42965
21;22;19;12953
21;22;21;31
21;22;22;126913
21;22;27;3065
21;22;31;61
21;23;08;3275
21;23;09;167
21;23;11;129793
21;23;12;371
21;23;13;507
21;23;16;507
21;23;17;119
21;23;18;131069
21;23;21;867
21;23;22;131069
21;23;28;167
21;24;08;126913
21;24;09;126913
21;24;10;8189
21;24;13;509
21;24;16;119
21;24;17;10229
21;24;18;15
21;24;21;15
21;24;27;95045
21;24;28;15
21;24;31;9361
22;01;09;123
22;01;10;507
22;01;11;95045
22;01;14;419
22;01;18;867
22;01;20;867
22;01;21;8183
22;01;22;31
22;01;24;371
22;01;26;867
22;01;27;509
22;01;28;507
22;01;29;65533
22;01;31;31
22;02;08;27
22;02;22;19
22;02;24;15
22;03;08;1425
22;03;09;8189
22;03;11;8189
22;03;12;203
22;03;13;14321
22;03;17;20459
22;03;18;114673
22;03;20;6509
22;03;21;32765
22;03;22;126913
22;03;23;131069
22;03;26;203
22;03;29;32765
22;03;30;126913
22;03;31;3569
22;04;08;185
22;04;10;125
22;04;12;253
22;04;13;507
22;04;14;433
22;04;19;509
22;04;21;43689
22;04;22;433
22;04;24;253
22;04;28;185
22;04;30;23
22;05;11;20469
22;05;12;32765
22;05;16;119
22;05;18;2729
22;05;19;629
22;05;20;513
22;05;21;10667
22;05;22;32765
22;05;25;761
22;05;27;31
22;05;30;181
22;05;31;167
22;06;08;185
22;06;11;509
22;06;13;14321
22;06;15;15809
22;06;16;59
22;06;17;15809
22;06;19;14321
22;06;22;209
22;06;24;253
22;06;28;253
22;07;08;131069
22;07;09;3161
22;07;10;7111
22;07;12;867
22;07;13;253
22;07;17;419
22;07;18;867
22;07;20;9197
22;07;24;18541
22;07;25;251
22;07;26;1679
22;07;27;114673
22;07;28;12953
22;07;31;129793
22;08;08;101
22;08;10;169
22;08;14;59
22;08;17;119
22;08;19;119
22;08;21;167
22;08;22;15
22;08;24;83
22;08;30;19
22;09;12;65533
22;09;14;65533
22;09;15;131069
22;09;16;59
22;09;22;5333
22;09;23;867
22;09;26;16379
22;09;27;114673
22;09;29;65527
22;09;31;47
22;11;08;43689
22;11;09;43689
22;11;12;65533
22;11;13;209
22;11;14;15329
22;11;16;47
22;11;17;7619
22;11;21;101
22;11;22;681
22;11;24;16001
22;11;25;114673
22;11;26;126913
22;11;27;389
22;11;31;39369
22;12;08;15
22;12;11;419
22;12;12;209
22;12;14;29
22;12;16;23
22;12;17;2729
22;12;18;83
22;12;20;59
22;12;22;59
22;12;24;433
22;12;25;15329
22;12;26;125
22;12;30;23
22;13;08;7139
22;13;10;2729
22;13;11;8189
22;13;14;119
22;13;15;64769
22;13;19;126913
22;13;21;12953
22;13;22;126913
22;13;23;20469
22;13;24;26213
22;13;27;761
22;13;28;181
22;13;30;131069
22;13;31;59
22;14;08;253
22;14;12;59
22;14;13;65533
22;14;15;126913
22;14;16;27
22;14;22;101
22;14;23;131069
22;14;28;125
22;15;08;114673
22;15;10;3905
22;15;11;114673
22;15;12;433
22;15;16;119
22;15;17;509
22;15;18;1169
22;15;20;129793
22;15;22;32765
22;15;23;42965
22;15;24;6509
22;15;25;681
22;15;26;114673
22;15;30;929
22;15;31;53339
22;16;09;15
22;16;10;69
22;16;12;15
22;16;14;251
22;16;15;119
22;16;16;15
22;16;22;7
22;16;23;129793
22;16;24;433
22;16;25;503
22;16;27;867
22;16;28;15
22;16;30;19
22;17;08;118109
22;17;09;867
22;17;12;131069
22;17;13;12953
22;17;15;31
22;17;16;47
22;17;21;131069
22;17;22;126913
22;17;25;2045
22;17;26;126913
22;17;30;114673
22;17;31;47
22;18;09;1019
22;18;11;65533
22;18;12;433
22;18;14;27
22;18;16;23
22;18;22;59
22;18;24;433
22;19;08;126913
22;19;11;19529
22;19;13;31
22;19;14;114673
22;19;15;21589
22;19;17;26213
22;19;18;26213
22;19;22;114673
22;19;25;2729
22;19;26;7619
22;19;27;8189
22;19;29;4091
22;19;31;95045
22;20;09;119
22;20;11;867
22;20;12;59
22;20;13;545
22;20;14;253
22;20;15;4063
22;20;16;15
22;20;18;185
22;20;19;65533
22;20;21;32765
22;20;22;15
22;20;24;509
22;20;30;23
22;21;08;2113
22;21;11;31
22;21;15;110669
22;21;16;31
22;21;17;65531
22;21;18;32765
22;21;21;16001
22;21;22;509
22;21;24;131069
22;21;25;131069
22;21;26;126913
22;21;27;114673
22;21;29;26669
22;21;31;339
22;22;09;16375
22;22;10;433
22;22;12;23
22;22;14;29
22;22;16;59
22;22;18;101
22;22;21;7139
22;22;22;253
22;22;23;61409
22;22;28;59
22;23;09;126913
22;23;10;2045
22;23;12;867
22;23;13;118109
22;23;17;3275
22;23;18;64769
22;23;19;509
22;23;20;65533
22;23;21;5207
22;23;22;65533
22;23;25;131069
22;23;28;129793
22;23;31;18541
22;24;08;433
22;24;11;65533
22;24;13;7
22;24;14;253
22;24;16;15
22;24;17;119
22;24;18;253
22;24;19;32765
22;24;21;10229
22;24;22;15
22;24;23;114673
22;24;25;6137
22;24;26;509
22;24;28;23
22;24;30;19
23;01;23;39
23;01;24;32765
23;02;08;131069
23;02;09;65533
23;02;11;3275
23;02;12;43689
23;02;13;629
23;02;14;3569
23;02;15;32765
23;02;18;507
23;02;20;119
23;02;21;3905
23;02;23;31
23;02;27;126913
23;02;28;3569
23;02;30;49145
23;02;31;47
23;03;09;65527
23;03;11;909
23;03;12;3569
23;03;16;1019
23;03;18;8189
23;03;22;2729
23;03;23;129793
23;03;24;509
23;03;29;26213
23;03;30;43689
23;04;08;49145
23;04;10;43689
23;04;12;8189
23;04;13;31
23;04;15;181
23;04;17;8189
23;04;19;65527
23;04;20;114673
23;04;21;8183
23;04;23;31
23;04;25;131069
23;04;28;64769
23;04;30;31
23;04;31;39
23;05;08;131069
23;05;14;28657
23;05;16;507
23;05;18;129793
23;05;22;28657
23;05;23;495
23;05;24;32765
23;05;27;59
23;05;28;32765
23;06;08;8737
23;06;09;251
23;06;10;114673
23;06;11;61409
23;06;12;5109
23;06;13;419
23;06;14;129793
23;06;16;167
23;06;18;509
23;06;20;129793
23;06;21;371
23;06;26;32765
23;06;28;118109
23;06;29;181
23;06;31;47
23;07;08;9197
23;07;14;131069
23;07;18;131069
23;07;20;114673
23;07;22;131069
23;07;24;49145
23;07;25;61409
23;07;30;65533
23;08;08;9361
23;08;10;14321
23;08;11;43689
23;08;13;65533
23;08;15;119
23;08;19;251
23;08;21;251
23;08;22;1007
23;08;23;32765
23;08;24;8679
23;08;25;114673
23;08;29;118109
23;08;31;39
23;10;09;49145
23;10;12;65533
23;10;14;65533
23;10;15;131069
23;10;16;59
23;10;18;31247
23;10;22;5333
23;10;23;867
23;10;26;16379
23;10;27;114673
23;10;31;47
23;11;08;2039
23;11;09;61409
23;11;13;114673
23;11;14;761
23;11;16;495
23;11;18;8189
23;11;21;32765
23;11;22;3047
23;11;23;3065
23;11;24;43689
23;11;26;1019
23;11;30;239
23;12;08;509
23;12;09;42965
23;12;13;3047
23;12;16;31
23;12;19;32765
23;12;20;65533
23;12;21;131069
23;12;23;31
23;12;24;8737
23;12;25;8189
23;12;27;6131
23;12;29;31
23;12;31;39
23;13;09;131069
23;13;12;7811
23;13;18;503
23;13;19;47
23;13;20;9197
23;13;23;1019
23;14;08;21843
23;14;12;31
23;14;16;55
23;14;17;3471
23;14;18;119
23;14;20;9361
23;14;22;126913
23;14;23;867
23;14;24;47243
23;14;25;14321
23;14;26;9197
23;14;27;32759
23;14;28;129793
23;14;30;126913
23;14;31;47
23;15;08;9197
23;15;10;7139
23;15;11;7709
23;15;12;2729
23;15;15;4087
23;15;16;867
23;15;18;169
23;15;20;889
23;15;23;8189
23;15;24;114673
23;15;25;65533
23;15;26;761
23;15;29;61409
23;15;30;2113
23;16;09;1313
23;16;13;3809
23;16;14;7
23;16;16;31
23;16;17;8679
23;16;19;131069
23;16;20;32765
23;16;27;867
23;16;28;867
23;16;31;39
23;17;10;114673
23;17;13;55
23;17;14;3065
23;17;15;55
23;17;16;47
23;17;23;119
23;17;24;31
23;18;08;126913
23;18;10;15809
23;18;12;16001
23;18;14;251
23;18;15;509
23;18;16;15
23;18;18;251
23;18;19;114673
23;18;21;3471
23;18;23;31
23;18;25;32765
23;18;27;57287
23;18;31;47
23;19;08;119
23;19;10;43689
23;19;12;65533
23;19;13;126913
23;19;14;8183
23;19;15;18541
23;19;16;503
23;19;17;5333
23;19;18;681
23;19;19;26669
23;19;20;26213
23;19;22;509
23;19;23;15239
23;19;24;5333
23;19;25;65533
23;19;30;61409
23;20;12;31
23;20;13;909
23;20;16;507
23;20;17;2045
23;20;18;114673
23;20;19;49145
23;20;20;371
23;20;22;1019
23;20;23;31
23;20;26;2729
23;20;27;32765
23;20;29;42965
23;20;31;39
23;21;11;83
23;21;12;32765
23;21;13;1019
23;21;15;35
23;21;16;507
23;21;19;867
23;21;23;507
23;21;28;507
23;22;10;65533
23;22;12;85973
23;22;13;114673
23;22;15;65533
23;22;18;126913
23;22;19;251
23;22;20;867
23;22;22;32765
23;22;23;31
23;22;28;509
23;22;29;65533
23;22;30;114673
23;22;31;47
23;23;08;49145
23;23;09;126913
23;23;14;119
23;23;15;83
23;23;16;27
23;23;17;63363
23;23;18;119
23;23;22;64769
23;23;23;65533
23;23;24;65533
23;23;26;26669
23;23;27;2603
23;23;28;131069
23;23;29;16379
23;23;30;371
23;24;08;32765
23;24;09;114673
23;24;13;43689
23;24;14;9361
23;24;15;61409
23;24;20;8189
23;24;23;31
23;24;25;503
23;24;29;118109
23;24;30;47
23;24;31;39
24;01;08;47
24;01;09;909
24;01;11;43689
24;01;13;251
24;01;14;31
24;01;18;119
24;01;19;1007
24;01;20;15
24;01;21;909
24;01;22;31
24;01;24;31
24;01;27;125
24;01;28;31
24;01;31;31
24;02;08;23
24;02;10;59
24;02;12;15
24;02;17;31
24;02;19;125
24;02;20;15
24;02;21;129793
24;02;22;29
24;02;23;31
24;02;24;15
24;02;30;15
24;03;08;131069
24;03;10;31
24;03;12;509
24;03;13;2519
24;03;14;32765
24;03;22;125
24;03;23;131069
24;03;24;10921
24;03;28;31
24;03;29;2519
24;03;31;42965
24;04;08;11
24;04;11;114673
24;04;13;114673
24;04;14;125
24;04;15;509
24;04;16;7
24;04;17;31
24;04;18;15
24;04;19;31
24;04;21;31
24;04;22;15
24;04;23;31
24;04;24;7
24;04;28;7
24;05;08;131069
24;05;09;2045
24;05;10;6131
24;05;11;39369
24;05;12;118109
24;05;14;1007
24;05;15;42965
24;05;16;119
24;05;18;32765
24;05;20;335
24;05;21;10229
24;05;22;119
24;05;23;126913
24;05;24;10921
24;05;26;119
24;05;27;31
24;05;29;1019
24;05;31;867
24;06;08;253
24;06;10;253
24;06;14;169
24;06;18;19
24;06;21;47
24;06;23;507
24;06;24;83
24;06;26;433
24;06;27;129793
24;06;30;119
24;07;08;3569
24;07;10;1007
24;07;11;239
24;07;13;15329
24;07;15;126913
24;07;17;39
24;07;21;867
24;07;22;126913
24;07;24;509
24;07;25;31
24;07;29;867
24;07;31;909
24;09;08;9361
24;09;10;14321
24;09;11;43689
24;09;13;65533
24;09;15;119
24;09;19;251
24;09;22;1007
24;09;23;32765
24;09;24;8679
24;09;25;114673
24;09;29;118109
24;09;31;39
24;10;08;101
24;10;10;169
24;10;14;59
24;10;17;119
24;10;19;119
24;10;21;167
24;10;22;15
24;10;24;83
24;10;30;19
24;11;08;7139
24;11;09;65533
24;11;10;1259
24;11;12;15
24;11;14;39
24;11;17;26669
24;11;18;1007
24;11;21;114673
24;11;25;118109
24;11;26;65533
24;11;27;126913
24;11;29;3809
24;11;30;39
24;11;31;9361
24;12;08;13
24;12;10;15
24;12;11;31
24;12;13;31
24;12;14;15
24;12;15;31
24;12;16;7
24;12;19;509
24;12;20;29
24;12;21;14279
24;12;24;29
24;12;28;13
24;13;08;7139
24;13;12;5109
24;13;13;13577
24;13;14;503
24;13;16;31
24;13;18;1019
24;13;19;15
24;13;24;126913
24;13;26;125
24;13;28;509
24;13;29;131069
24;13;31;251
24;14;08;253
24;14;09;31
24;14;11;126913
24;14;12;119
24;14;13;167
24;14;16;15
24;14;17;119
24;14;18;7
24;14;24;15
24;14;26;59
24;14;27;129793
24;14;30;509
24;15;08;9361
24;15;16;31
24;15;17;7
24;15;20;126913
24;15;23;14321
24;15;24;31
24;15;25;65533
24;15;27;114673
24;15;28;7
24;15;31;114673
24;16;09;31
24;16;10;15
24;16;11;31
24;16;12;7
24;16;13;31
24;16;14;15
24;16;15;31
24;16;16;3
24;16;24;3
24;17;08;9361
24;17;09;55117
24;17;11;114673
24;17;13;131069
24;17;16;31
24;17;17;114673
24;17;19;5455
24;17;20;31
24;17;21;761
24;17;22;131069
24;17;24;31
24;17;25;909
24;17;28;31
24;17;29;1007
24;17;31;47
24;18;08;253
24;18;09;114673
24;18;10;125
24;18;12;433
24;18;13;9197
24;18;14;7
24;18;15;32765
24;18;16;15
24;18;17;507
24;18;18;33
24;18;20;125
24;18;21;9547
24;18;23;47
24;18;24;15
24;18;26;119
24;18;27;125
24;18;30;23
24;19;08;65533
24;19;09;118109
24;19;13;7
24;19;14;2729
24;19;17;42965
24;19;18;31
24;19;19;10709
24;19;20;509
24;19;22;4087
24;19;23;16367
24;19;29;26669
24;19;31;8189
24;20;12;7
24;20;14;433
24;20;16;7
24;20;20;13
24;20;24;29
24;20;28;11
24;21;08;65533
24;21;09;26213
24;21;11;15
24;21;13;3555
24;21;16;119
24;21;19;85973
24;21;21;126913
24;21;23;16001
24;21;24;126913
24;21;25;43689
24;21;28;507
24;21;30;31
24;21;31;35
24;22;08;253
24;22;09;131069
24;22;10;15
24;22;11;4087
24;22;15;509
24;22;16;15
24;22;18;433
24;22;19;31
24;22;21;31
24;22;24;433
24;22;27;14321
24;22;28;15
24;22;30;253
24;23;08;9361
24;23;09;31
24;23;13;126913
24;23;15;26213
24;23;17;131069
24;23;18;7619
24;23;21;65533
24;23;23;15329
24;23;24;31
24;23;25;3569
24;23;26;1007
24;23;29;43689
24;23;30;119
24;23;31;129793
24;24;08;5
24;24;16;3
